STACK1;STACK2;STACK3;STACK4;STACK5;STACK6;STACK7;STACK8;STACK9;STACK10;STACK11;STACK12;STACKexer;exercises;exam1;exam2;grade
0,00;0,00;0,00;0,00;0,00;0,00;0,00;0,00;0,00;0,00;0,00;0,00;0,00;0,00;0,00;3,00;0,00
1,00;1,00;0,00;1,00;1,00;1,00;0,40;0,40;0,75;0,00;0,00;0,00;6,55;7,00;21,00;0,00;1,00
1,00;1,00;0,50;1,00;1,00;0,88;0,30;0,00;1,00;1,00;0,83;0,00;8,51;8,00;15,00;16,00;3,00
1,00;1,00;1,00;1,00;1,00;1,00;0,00;0,00;0,00;0,00;0,00;0,00;6,00;3,00;0,00;0,00;0,00
0,00;0,00;0,00;0,00;0,00;0,00;0,00;0,00;0,00;0,00;0,00;0,00;0,00;0,00;0,00;0,00;0,00
1,00;1,00;0,50;0,50;1,00;0,88;0,90;1,00;0,75;0,25;0,00;0,00;7,78;7,00;3,00;4,00;0,00
0,00;0,00;0,00;0,00;0,00;0,00;0,00;0,00;0,00;0,00;0,00;0,00;0,00;0,00;0,00;0,00;0,00
0,00;0,00;0,00;0,00;0,00;0,00;0,00;0,00;0,00;0,00;0,00;0,00;0,00;0,00;15,00;7,00;0,00
0,00;0,00;0,00;0,00;0,00;0,00;0,00;0,00;0,00;0,00;0,00;0,00;0,00;0,00;0,00;0,00;0,00
0,50;1,00;0,00;1,00;1,00;1,00;0,00;0,80;0,75;0,25;0,00;0,00;6,30;7,00;18,00;17,00;3,00
1,00;1,00;1,00;1,00;1,00;1,00;0,70;0,80;1,00;0,25;1,00;0,33;10,08;8,00;13,00;11,00;2,00
1,00;1,00;0,50;1,00;1,00;1,00;0,40;1,00;1,00;0,00;0,00;0,00;7,90;8,00;16,00;6,00;2,00
1,00;1,00;1,00;1,00;0,67;1,00;0,90;0,80;1,00;0,75;0,00;0,00;9,12;8,00;19,00;14,00;3,00
0,00;0,00;0,00;0,00;0,00;0,00;0,00;0,00;0,00;0,00;0,00;0,00;0,00;0,00;0,00;0,00;0,00
0,50;1,00;0,00;0,00;0,00;0,00;0,20;0,00;0,00;0,00;0,00;0,00;1,70;3,00;4,00;0,00;0,00
1,00;1,00;1,00;1,00;1,00;0,25;0,40;0,60;1,00;0,25;0,00;0,00;7,50;6,00;16,00;14,00;3,00
1,00;1,00;0,00;0,00;1,00;1,00;0,00;1,00;0,00;0,00;0,00;0,00;5,00;1,00;11,00;0,00;0,00
1,00;1,00;0,50;0,50;1,00;0,50;0,20;1,00;1,00;1,00;1,00;0,00;8,70;4,00;15,00;22,00;3,00
0,50;1,00;0,00;0,00;0,67;1,00;0,00;1,00;1,00;0,50;0,00;1,00;6,67;4,00;17,00;7,00;1,00
0,00;0,00;0,00;0,00;0,00;0,00;0,00;0,00;0,00;0,00;0,00;0,00;0,00;0,00;0,00;0,00;0,00
1,00;1,00;1,00;1,00;1,00;1,00;0,40;0,80;1,00;0,25;0,00;0,00;8,45;7,00;19,00;15,00;3,00
0,50;0,00;0,00;0,00;0,00;0,00;0,00;0,00;0,00;0,00;0,00;0,00;0,50;0,00;0,00;0,00;0,00
1,00;1,00;1,00;1,00;1,00;0,00;0,00;1,00;0,00;0,00;0,00;0,00;6,00;7,00;14,00;7,00;1,00
0,50;1,00;1,00;1,00;0,33;1,00;0,00;0,60;1,00;0,00;0,00;0,00;6,43;8,00;17,00;11,00;2,00
1,00;1,00;0,50;0,00;1,00;1,00;0,40;0,00;1,00;0,75;0,67;0,00;7,32;5,00;12,00;11,00;1,00
0,00;0,00;0,00;0,00;0,00;0,00;0,00;0,00;0,00;0,00;0,00;0,00;0,00;0,00;0,00;0,00;0,00
1,00;1,00;1,00;1,00;1,00;1,00;1,00;1,00;0,75;0,75;1,00;0,00;10,50;8,00;13,00;12,00;2,00
0,50;0,67;0,00;0,00;0,00;0,00;0,00;0,00;0,00;0,00;0,00;0,00;1,17;0,00;8,00;0,00;0,00
0,00;0,00;0,00;0,00;0,00;0,00;0,00;0,00;0,00;0,00;0,00;0,00;0,00;0,00;0,00;0,00;0,00
1,00;1,00;0,00;0,00;0,00;1,00;0,00;0,00;1,00;0,75;0,83;1,00;6,58;6,00;13,00;17,00;2,00
1,00;0,33;0,00;0,00;0,00;0,00;0,00;0,00;0,00;0,00;0,00;0,00;1,33;2,00;11,00;3,00;0,00
1,00;1,00;0,50;0,50;1,00;0,00;0,00;0,00;1,00;1,00;0,83;1,00;7,83;1,00;11,00;15,00;1,00
1,00;1,00;0,50;1,00;1,00;1,00;0,00;0,80;1,00;1,00;1,00;1,00;10,30;8,00;16,00;19,00;4,00
1,00;0,67;1,00;1,00;1,00;1,00;0,00;0,00;0,00;0,50;0,83;0,00;7,00;8,00;22,00;21,00;5,00
1,00;1,00;0,00;1,00;0,67;0,88;0,00;1,00;1,00;0,00;0,00;0,00;6,55;7,00;15,00;13,00;2,00
1,00;1,00;1,00;0,00;1,00;1,00;0,40;1,00;1,00;0,25;0,00;0,00;7,65;7,00;14,00;15,00;3,00
1,00;0,00;0,00;0,00;0,00;1,00;0,00;0,00;1,00;0,00;1,00;0,00;4,00;4,00;13,00;13,00;1,00
1,00;1,00;0,50;0,00;0,67;1,00;0,00;1,00;0,25;0,00;0,17;0,00;5,59;7,00;11,00;8,00;1,00
0,00;1,00;0,00;0,50;1,00;0,00;0,00;0,00;0,00;0,00;0,00;0,00;2,50;8,00;6,00;0,00;0,00
1,00;1,00;0,00;0,00;0,00;0,00;0,00;0,80;0,00;0,00;0,00;0,00;2,80;6,00;5,00;0,00;0,00
1,00;1,00;1,00;1,00;1,00;1,00;0,90;0,80;1,00;1,00;0,83;0,00;10,53;8,00;20,00;20,00;5,00
1,00;1,00;0,50;1,00;1,00;1,00;0,40;0,80;1,00;1,00;1,00;1,00;10,70;8,00;24,00;0,00;2,00
0,00;0,00;0,00;0,00;0,00;0,00;0,00;0,00;0,00;0,00;0,00;0,00;0,00;5,00;6,00;8,00;0,00
0,50;0,67;0,00;0,00;0,00;0,00;0,00;0,00;0,00;0,00;0,00;0,00;1,17;0,00;0,00;0,00;0,00
1,00;1,00;1,00;0,00;1,00;1,00;0,40;0,60;0,75;1,00;0,33;0,00;8,08;8,00;17,00;12,00;3,00
0,50;0,67;0,00;0,00;0,00;0,88;0,40;0,00;0,75;0,00;0,17;0,00;3,37;8,00;19,00;11,00;3,00
1,00;1,00;0,50;1,00;1,00;1,00;0,00;0,80;1,00;0,75;0,83;0,67;9,55;8,00;24,00;24,00;5,00
1,00;1,00;0,50;1,00;1,00;1,00;0,00;0,40;1,00;0,25;0,67;0,00;7,82;7,00;7,00;6,00;0,00
1,00;1,00;0,50;1,00;0,67;1,00;0,30;0,80;1,00;0,00;1,00;1,00;9,27;8,00;22,00;21,00;5,00
1,00;1,00;1,00;1,00;1,00;1,00;0,30;1,00;0,75;0,25;0,83;0,00;9,13;7,00;22,00;8,00;3,00
0,00;0,00;0,00;0,00;0,00;0,00;0,00;0,00;0,00;0,00;0,00;0,00;0,00;0,00;0,00;0,00;0,00
0,00;0,00;0,50;0,00;0,00;0,00;0,00;0,00;0,00;0,00;0,00;0,00;0,50;1,00;0,00;0,00;0,00
1,00;1,00;1,00;1,00;1,00;1,00;1,00;0,00;0,00;0,00;0,00;0,00;7,00;5,00;0,00;0,00;0,00
0,00;0,00;0,00;0,00;0,00;0,00;0,00;0,00;0,00;0,00;0,00;0,00;0,00;0,00;0,00;0,00;0,00
1,00;0,67;1,00;1,00;1,00;0,88;0,30;1,00;1,00;1,00;0,83;0,00;9,68;8,00;15,00;20,00;4,00
0,50;1,00;0,50;0,00;1,00;1,00;0,20;0,00;0,25;0,50;0,83;0,00;5,78;7,00;15,00;5,00;1,00
1,00;1,00;0,00;0,00;0,00;1,00;0,40;1,00;0,00;0,00;0,00;0,00;4,40;1,00;5,00;6,00;0,00
1,00;0,67;0,50;1,00;1,00;0,13;0,00;0,00;0,00;0,00;0,00;0,00;4,30;0,00;7,00;0,00;0,00
0,50;0,33;0,00;0,50;1,00;0,75;0,00;1,00;0,00;0,00;0,00;0,00;4,08;7,00;8,00;0,00;0,00
1,00;1,00;0,50;0,00;0,00;1,00;1,00;0,60;0,75;0,25;1,00;0,00;7,10;5,00;11,00;11,00;1,00
1,00;1,00;0,50;1,00;1,00;0,88;0,30;1,00;1,00;0,50;0,00;0,00;8,18;4,00;16,00;11,00;2,00
1,00;1,00;1,00;1,00;1,00;1,00;0,40;1,00;0,50;1,00;0,83;0,67;10,40;8,00;24,00;17,00;5,00
0,50;0,33;0,00;0,00;0,00;0,25;0,00;0,00;0,00;0,00;0,00;0,00;1,08;0,00;0,00;0,00;0,00
1,00;0,67;0,00;0,00;1,00;1,00;0,00;0,00;0,50;0,00;0,17;0,00;4,34;4,00;15,00;9,00;1,00
0,50;0,33;0,50;1,00;1,00;0,88;0,00;0,00;0,50;0,00;0,00;0,00;4,71;2,00;7,00;2,00;0,00
0,00;0,00;0,00;0,00;0,00;0,00;0,00;1,00;0,00;0,00;0,00;0,00;1,00;0,00;12,00;0,00;0,00
1,00;1,00;1,00;1,00;1,00;1,00;1,00;0,80;1,00;1,00;1,00;1,00;11,80;8,00;22,00;23,00;5,00
1,00;1,00;1,00;1,00;1,00;1,00;1,00;0,80;1,00;1,00;0,00;0,00;9,80;8,00;11,00;0,00;0,00
1,00;0,33;0,50;1,00;1,00;1,00;0,00;1,00;0,25;1,00;0,00;0,00;7,08;8,00;13,00;10,00;2,00
0,00;0,00;0,00;0,00;0,00;1,00;0,00;0,00;0,00;0,00;0,00;0,00;1,00;1,00;0,00;0,00;0,00
0,00;0,00;0,00;0,00;0,00;0,00;0,00;0,00;0,00;0,00;0,00;0,00;0,00;2,00;7,00;0,00;0,00
0,00;0,00;0,00;0,00;0,00;0,00;0,00;0,00;0,00;0,00;0,00;0,00;0,00;0,00;0,00;0,00;0,00
1,00;1,00;0,00;1,00;1,00;1,00;0,40;0,00;0,00;0,00;0,67;0,00;6,07;1,00;10,00;0,00;0,00
1,00;1,00;0,50;0,00;0,00;0,00;0,00;0,00;0,00;0,00;0,00;0,00;2,50;0,00;0,00;0,00;0,00
1,00;1,00;0,00;1,00;1,00;1,00;0,40;1,00;1,00;1,00;1,00;1,00;10,40;6,00;17,00;16,00;3,00
0,00;0,00;0,00;0,00;0,00;0,00;0,00;0,00;0,00;0,00;0,00;0,00;0,00;0,00;0,00;0,00;0,00
0,00;0,00;0,00;0,00;0,00;0,00;0,00;0,00;0,00;0,00;0,00;0,00;0,00;0,00;0,00;0,00;0,00
0,00;0,00;0,00;0,00;0,00;0,00;0,00;0,00;0,00;0,00;0,00;0,00;0,00;0,00;0,00;0,00;0,00
0,00;0,00;0,00;0,00;0,00;0,00;0,00;0,00;0,00;0,00;0,00;0,00;0,00;0,00;2,00;0,00;0,00
1,00;1,00;0,50;1,00;1,00;1,00;0,90;0,60;1,00;0,50;1,00;0,67;10,17;8,00;21,00;21,00;5,00
1,00;1,00;0,00;0,00;1,00;0,00;0,00;0,00;0,00;0,00;1,00;1,00;5,00;6,00;17,00;19,00;3,00
1,00;1,00;1,00;1,00;1,00;1,00;0,40;1,00;0,00;0,00;0,00;0,00;7,40;6,00;24,00;0,00;2,00
1,00;0,67;0,50;0,50;1,00;1,00;0,80;1,00;1,00;1,00;0,83;0,33;9,63;8,00;25,00;25,00;5,00
1,00;1,00;0,50;1,00;1,00;1,00;0,90;0,80;1,00;1,00;1,00;1,00;11,20;8,00;24,00;22,00;5,00
1,00;1,00;0,50;1,00;1,00;1,00;0,40;0,40;1,00;1,00;0,83;0,67;9,80;8,00;8,00;13,00;1,00
1,00;1,00;1,00;1,00;1,00;1,00;0,40;1,00;1,00;1,00;0,83;0,00;10,23;8,00;14,00;19,00;3,00
0,00;0,00;0,50;1,00;1,00;1,00;0,00;0,00;0,50;0,00;0,00;0,67;4,67;4,00;20,00;24,00;4,00
1,00;1,00;0,50;0,00;0,00;0,00;0,00;0,00;0,00;0,00;0,00;0,00;2,50;1,00;0,00;0,00;0,00
0,00;0,00;0,00;0,00;0,00;0,00;0,00;0,00;0,00;0,00;0,00;0,00;0,00;0,00;3,00;0,00;0,00
0,00;0,00;0,00;0,00;0,00;0,00;0,00;0,00;0,00;0,00;0,00;0,00;0,00;0,00;0,00;0,00;0,00
1,00;1,00;1,00;1,00;1,00;1,00;0,40;1,00;0,75;0,50;0,00;0,00;8,65;7,00;21,00;14,00;3,00
0,00;0,00;0,00;0,00;0,00;0,00;0,00;0,00;0,00;0,00;0,00;0,00;0,00;0,00;0,00;0,00;0,00
1,00;1,00;1,00;1,00;1,00;1,00;0,90;1,00;1,00;1,00;1,00;1,00;11,90;8,00;19,00;24,00;5,00
1,00;1,00;0,00;0,00;1,00;1,00;0,40;0,80;1,00;1,00;0,83;0,67;8,70;7,00;15,00;12,00;2,00
1,00;1,00;1,00;1,00;1,00;1,00;0,20;0,60;0,50;0,25;0,00;0,00;7,55;7,00;17,00;7,00;2,00
1,00;1,00;1,00;1,00;1,00;1,00;1,00;1,00;1,00;1,00;1,00;1,00;12,00;8,00;25,00;24,00;5,00
1,00;1,00;1,00;1,00;1,00;0,88;0,90;0,80;0,75;0,75;0,83;1,00;10,91;8,00;25,00;22,00;5,00
0,00;0,00;0,00;0,00;0,00;0,00;0,00;0,00;0,00;0,00;0,00;0,00;0,00;0,00;0,00;0,00;0,00
0,00;0,00;0,00;0,00;0,00;0,00;0,00;0,00;0,00;0,00;0,00;0,00;0,00;0,00;0,00;0,00;0,00
0,50;1,00;0,00;0,00;0,00;1,00;0,00;0,00;0,75;0,25;0,00;0,00;3,50;3,00;16,00;0,00;0,00
1,00;1,00;0,50;1,00;1,00;1,00;0,40;1,00;1,00;0,50;1,00;1,00;10,40;8,00;18,00;19,00;4,00
1,00;1,00;0,00;0,00;0,00;0,00;0,00;1,00;1,00;0,00;0,00;0,00;4,00;8,00;10,00;12,00;1,00
1,00;1,00;1,00;1,00;1,00;1,00;0,40;1,00;1,00;1,00;0,67;1,00;11,07;8,00;18,00;20,00;4,00
0,00;0,00;0,00;0,00;0,00;0,00;0,00;0,00;1,00;1,00;0,00;0,00;2,00;8,00;9,00;5,00;0,00
1,00;1,00;0,00;0,00;1,00;1,00;0,40;0,00;0,00;0,75;0,00;0,00;5,15;8,00;8,00;0,00;0,00
0,00;0,00;0,00;0,00;0,00;1,00;0,00;0,20;0,00;0,00;0,00;0,00;1,20;1,00;21,00;5,00;1,00
0,00;0,00;0,00;0,00;0,00;0,00;0,00;0,00;0,00;0,00;0,00;0,00;0,00;0,00;11,00;0,00;0,00
0,50;1,00;0,50;0,00;0,00;1,00;0,80;0,00;0,75;0,25;0,50;0,00;5,30;5,00;15,00;8,00;1,00
0,00;0,00;0,00;0,00;0,00;0,00;0,00;0,00;0,00;0,00;0,00;0,00;0,00;0,00;0,00;0,00;0,00
1,00;1,00;1,00;1,00;1,00;1,00;0,00;1,00;1,00;1,00;0,83;0,00;9,83;7,00;8,00;1,00;0,00
0,50;1,00;0,50;0,00;1,00;1,00;0,00;0,60;0,00;0,00;0,00;0,00;4,60;4,00;9,00;0,00;0,00
1,00;1,00;0,50;1,00;1,00;1,00;0,40;1,00;1,00;1,00;1,00;0,00;9,90;8,00;22,00;21,00;5,00
0,00;0,00;0,00;0,00;0,00;0,00;0,00;0,00;0,00;0,00;0,00;0,00;0,00;0,00;0,00;0,00;0,00
0,00;0,00;0,00;0,00;0,00;0,00;0,00;0,00;0,00;0,00;0,00;0,00;0,00;0,00;0,00;0,00;0,00
1,00;1,00;1,00;0,50;1,00;1,00;0,40;0,00;1,00;0,75;0,83;0,00;8,48;4,00;14,00;12,00;2,00
1,00;1,00;0,00;0,00;1,00;1,00;0,20;1,00;0,00;0,00;0,00;0,00;5,20;0,00;17,00;8,00;1,00
0,50;1,00;0,00;0,50;0,67;0,38;0,00;0,40;0,75;0,25;0,00;0,00;4,45;4,00;13,00;16,00;2,00
0,00;0,00;0,00;0,00;0,00;0,00;0,00;0,00;0,00;0,00;0,00;0,00;0,00;0,00;0,00;0,00;0,00
0,00;0,00;0,00;0,00;0,00;0,00;0,00;0,00;0,00;0,00;0,00;0,00;0,00;0,00;0,00;0,00;0,00
1,00;1,00;1,00;1,00;1,00;0,88;0,40;1,00;1,00;0,50;1,00;0,67;10,45;8,00;21,00;18,00;4,00
1,00;0,67;1,00;1,00;1,00;1,00;1,00;1,00;1,00;1,00;0,83;0,00;10,50;7,00;20,00;16,00;4,00
1,00;1,00;1,00;0,00;0,00;0,00;0,00;0,00;0,00;0,00;0,00;0,00;3,00;1,00;0,00;0,00;0,00
1,00;1,00;1,00;1,00;0,33;0,38;0,00;0,00;0,00;0,00;0,00;0,00;4,71;0,00;0,00;0,00;0,00
0,00;0,00;0,00;0,00;0,00;0,00;0,00;0,00;0,00;0,00;0,00;0,00;0,00;0,00;0,00;0,00;0,00
1,00;1,00;0,00;0,00;0,00;0,00;0,00;0,00;0,00;0,00;0,00;0,00;2,00;0,00;0,00;0,00;0,00
0,00;0,00;0,00;1,00;1,00;0,00;0,00;0,00;0,00;0,00;0,00;0,00;2,00;0,00;0,00;0,00;0,00
0,50;0,33;0,00;1,00;1,00;1,00;0,00;0,80;0,75;0,25;0,00;0,00;5,63;8,00;22,00;12,00;3,00
1,00;1,00;1,00;0,00;0,33;0,00;0,00;0,00;0,00;0,00;0,00;0,00;3,33;3,00;5,00;0,00;0,00
0,50;1,00;0,00;0,00;0,00;0,88;0,00;0,00;0,00;0,00;0,17;0,00;2,55;7,00;8,00;0,00;0,00
1,00;1,00;0,50;1,00;1,00;1,00;0,40;1,00;1,00;1,00;1,00;1,00;10,90;8,00;6,00;11,00;1,00
0,00;0,00;0,00;0,00;0,00;0,00;0,00;0,00;0,00;0,00;0,00;0,00;0,00;0,00;0,00;0,00;0,00
0,00;0,00;0,00;0,00;0,00;0,00;0,00;0,00;0,00;0,00;0,00;0,00;0,00;0,00;0,00;0,00;0,00
0,00;1,00;0,00;0,00;0,00;1,00;0,40;0,20;0,50;0,00;0,00;0,00;3,10;5,00;12,00;6,00;0,00
1,00;1,00;1,00;1,00;1,00;1,00;1,00;1,00;1,00;1,00;1,00;1,00;12,00;8,00;25,00;24,00;5,00
0,00;0,00;0,00;0,00;0,00;0,00;0,00;0,00;0,00;0,00;0,00;0,00;0,00;0,00;0,00;0,00;0,00
1,00;0,67;0,00;0,00;0,00;0,00;0,00;0,00;0,00;0,00;0,00;0,00;1,67;1,00;2,00;0,00;0,00
1,00;0,67;0,50;0,00;1,00;1,00;0,40;0,80;1,00;0,75;0,83;0,00;7,95;2,00;16,00;14,00;2,00
1,00;1,00;1,00;1,00;1,00;1,00;0,70;1,00;0,75;1,00;0,83;0,00;10,28;7,00;18,00;16,00;3,00
1,00;1,00;1,00;1,00;1,00;1,00;0,40;1,00;1,00;1,00;0,33;1,00;10,73;8,00;20,00;6,00;2,00
0,00;0,00;0,00;0,00;0,00;0,25;0,00;0,00;0,00;0,00;0,00;0,00;0,25;0,00;0,00;0,00;0,00
0,50;1,00;0,00;0,00;0,00;1,00;0,90;0,80;0,75;0,00;0,00;0,00;4,95;6,00;14,00;6,00;1,00
1,00;0,67;0,00;1,00;1,00;0,88;0,00;0,20;1,00;1,00;0,83;0,00;7,58;7,00;11,00;13,00;2,00
0,50;0,33;0,00;0,00;0,00;0,00;0,00;0,00;0,00;0,00;0,00;0,00;0,83;2,00;13,00;12,00;1,00
1,00;0,67;0,50;1,00;1,00;1,00;0,40;1,00;1,00;1,00;0,83;1,00;10,40;8,00;16,00;19,00;4,00
0,00;0,00;0,00;0,00;0,00;0,00;0,00;0,00;0,00;0,00;0,00;0,00;0,00;0,00;0,00;0,00;0,00
1,00;1,00;1,00;1,00;1,00;1,00;1,00;1,00;1,00;1,00;1,00;0,67;11,67;8,00;23,00;20,00;5,00
0,00;0,00;0,00;0,00;0,00;0,00;0,00;0,00;0,00;0,00;0,00;0,00;0,00;0,00;0,00;0,00;0,00
1,00;1,00;0,00;1,00;1,00;0,00;0,00;0,60;1,00;1,00;1,00;0,00;7,60;5,00;18,00;6,00;1,00
1,00;1,00;0,00;0,00;1,00;1,00;0,30;0,00;0,00;0,00;0,00;0,00;4,30;4,00;22,00;8,00;2,00
0,00;0,00;0,00;0,00;0,00;0,00;0,00;0,00;0,00;0,00;0,00;0,00;0,00;1,00;24,00;10,00;2,00
0,50;1,00;0,00;0,00;1,00;1,00;0,60;1,00;1,00;0,50;0,00;0,00;6,60;7,00;19,00;15,00;3,00
1,00;1,00;0,50;0,00;1,00;0,50;0,40;0,00;0,50;0,25;0,83;0,00;5,98;4,00;17,00;2,00;0,00
0,00;0,00;0,00;0,00;0,00;0,00;0,00;0,00;0,00;0,00;0,00;0,00;0,00;0,00;0,00;0,00;0,00
0,00;0,00;0,00;0,00;0,00;0,00;0,00;0,00;0,00;0,00;0,00;0,00;0,00;0,00;0,00;0,00;0,00
1,00;1,00;0,00;0,00;0,67;0,00;0,00;0,00;0,00;0,00;0,83;1,00;4,50;5,00;16,00;24,00;4,00
1,00;1,00;0,50;1,00;1,00;1,00;1,00;1,00;1,00;1,00;1,00;1,00;11,50;8,00;21,00;21,00;5,00
0,00;0,00;0,00;0,00;0,00;0,00;0,00;0,00;0,00;0,00;0,00;0,00;0,00;1,00;0,00;0,00;0,00
1,00;1,00;1,00;1,00;1,00;1,00;0,30;0,80;0,75;0,25;1,00;1,00;10,10;8,00;16,00;6,00;2,00
1,00;1,00;1,00;1,00;1,00;1,00;0,90;1,00;1,00;1,00;0,50;0,00;10,40;8,00;24,00;21,00;5,00
1,00;1,00;1,00;0,50;1,00;1,00;0,40;1,00;1,00;0,50;0,00;0,00;8,40;8,00;19,00;17,00;4,00
0,50;0,00;0,00;0,00;0,00;0,00;0,00;0,80;0,00;0,00;0,00;0,00;1,30;4,00;13,00;5,00;0,00
0,00;0,00;0,00;0,00;0,00;0,00;0,00;0,00;0,00;0,00;0,00;0,00;0,00;0,00;0,00;0,00;0,00
0,00;0,00;0,00;0,00;0,00;0,00;0,00;0,00;0,00;0,00;0,00;0,00;0,00;0,00;6,00;0,00;0,00
0,00;0,00;0,00;0,00;0,00;0,25;0,00;0,00;0,00;0,00;0,83;0,00;1,08;8,00;11,00;14,00;2,00
0,00;1,00;0,00;0,50;1,00;0,88;0,00;0,00;0,25;0,00;0,50;0,00;4,13;4,00;14,00;10,00;1,00
1,00;1,00;1,00;0,50;1,00;1,00;1,00;1,00;1,00;1,00;0,83;0,00;10,33;6,00;17,00;19,00;4,00
1,00;1,00;1,00;1,00;1,00;1,00;0,40;1,00;1,00;1,00;0,83;0,00;10,23;8,00;20,00;16,00;4,00
1,00;1,00;0,50;1,00;1,00;1,00;0,00;0,00;0,00;0,00;0,00;0,00;5,50;5,00;18,00;4,00;1,00
0,50;1,00;0,00;0,00;0,00;0,00;0,00;0,00;0,00;0,00;0,00;0,00;1,50;5,00;17,00;7,00;1,00
1,00;1,00;1,00;1,00;1,00;1,00;0,40;1,00;1,00;1,00;1,00;1,00;11,40;8,00;23,00;23,00;5,00
0,00;0,00;0,00;0,00;0,00;0,00;0,00;0,00;0,00;0,00;0,00;0,00;0,00;0,00;0,00;0,00;0,00
0,00;0,00;0,00;0,00;0,00;0,00;0,00;0,00;0,00;0,00;0,00;0,00;0,00;0,00;0,00;0,00;0,00
0,50;1,00;1,00;1,00;1,00;1,00;0,40;1,00;1,00;0,75;0,83;0,67;10,15;8,00;19,00;17,00;4,00
1,00;1,00;1,00;1,00;1,00;1,00;0,40;0,80;0,75;0,00;1,00;0,00;8,95;7,00;17,00;16,00;3,00
0,50;1,00;1,00;1,00;1,00;1,00;0,40;0,60;1,00;0,50;1,00;1,00;10,00;6,00;13,00;11,00;2,00
0,50;0,67;0,00;1,00;1,00;0,25;0,40;0,80;1,00;0,25;0,67;1,00;7,54;8,00;22,00;23,00;5,00
0,00;0,00;0,00;0,00;0,00;0,00;0,00;0,00;0,00;0,00;0,00;0,00;0,00;0,00;0,00;0,00;0,00
0,50;1,00;0,00;0,00;1,00;0,75;0,00;0,00;0,00;0,00;0,17;0,00;3,42;5,00;6,00;9,00;0,00
1,00;1,00;1,00;1,00;1,00;1,00;1,00;1,00;1,00;1,00;1,00;0,00;11,00;8,00;19,00;19,00;4,00
1,00;1,00;0,50;1,00;1,00;1,00;0,40;1,00;1,00;1,00;0,50;0,00;9,40;8,00;21,00;11,00;3,00
1,00;1,00;1,00;0,50;0,00;0,00;0,00;1,00;0,00;0,00;0,00;0,00;4,50;1,00;3,00;0,00;0,00
1,00;1,00;0,00;1,00;0,67;1,00;0,00;0,60;0,00;0,00;0,67;0,00;5,94;4,00;17,00;15,00;2,00
1,00;1,00;1,00;1,00;1,00;1,00;1,00;1,00;1,00;0,00;0,00;0,00;9,00;8,00;20,00;16,00;4,00
1,00;1,00;0,00;1,00;1,00;1,00;0,40;1,00;0,50;0,50;0,00;0,00;7,40;7,00;19,00;9,00;2,00
1,00;1,00;1,00;1,00;1,00;1,00;0,40;0,00;0,00;0,00;1,00;1,00;8,40;8,00;22,00;20,00;5,00
1,00;1,00;1,00;1,00;1,00;1,00;0,30;0,80;0,75;0,50;0,83;0,67;9,85;8,00;20,00;22,00;5,00
1,00;0,33;0,50;1,00;1,00;0,00;0,00;0,00;0,00;0,00;0,00;0,00;3,83;0,00;0,00;0,00;0,00
1,00;1,00;1,00;1,00;1,00;1,00;0,30;1,00;1,00;0,25;1,00;0,00;9,55;7,00;10,00;9,00;1,00
1,00;1,00;1,00;1,00;1,00;1,00;0,00;1,00;1,00;0,50;1,00;1,00;10,50;8,00;14,00;11,00;2,00
1,00;1,00;0,00;1,00;1,00;1,00;1,00;1,00;1,00;0,50;0,83;0,00;9,33;8,00;17,00;8,00;2,00
1,00;1,00;0,50;1,00;1,00;1,00;0,80;0,80;1,00;1,00;0,83;0,00;9,93;7,00;18,00;18,00;4,00
0,00;0,00;0,00;0,00;0,00;0,00;0,00;0,00;0,00;0,00;0,00;0,00;0,00;0,00;0,00;0,00;0,00
1,00;0,67;1,00;1,00;1,00;1,00;0,40;1,00;0,00;0,00;0,00;0,00;7,07;7,00;23,00;18,00;4,00
0,00;0,00;0,00;0,00;0,00;0,00;0,00;0,00;0,00;0,00;0,00;0,00;0,00;0,00;0,00;0,00;0,00
0,00;0,00;0,00;0,00;0,00;0,00;0,00;0,00;0,00;0,00;0,00;0,00;0,00;0,00;0,00;0,00;0,00
1,00;0,00;0,00;0,00;1,00;0,88;0,00;0,60;1,00;1,00;0,67;0,00;6,15;6,00;18,00;12,00;2,00
1,00;1,00;1,00;1,00;1,00;1,00;0,40;0,80;1,00;1,00;1,00;1,00;11,20;8,00;14,00;23,00;4,00
0,50;1,00;0,50;0,00;0,33;1,00;0,40;0,00;0,00;0,00;0,00;0,00;3,73;6,00;19,00;9,00;2,00
1,00;1,00;0,50;1,00;1,00;0,88;0,00;0,80;0,75;0,25;0,83;1,00;9,01;7,00;20,00;16,00;4,00
1,00;1,00;0,00;0,00;1,00;0,00;0,00;0,00;0,00;0,00;0,83;0,00;3,83;1,00;17,00;4,00;0,00
1,00;0,67;0,00;0,00;0,00;1,00;0,00;0,00;0,00;0,00;0,67;0,67;4,01;1,00;13,00;11,00;1,00
0,00;0,00;0,00;0,00;0,00;0,00;0,00;0,00;0,00;0,00;0,00;0,00;0,00;0,00;0,00;0,00;0,00
1,00;1,00;0,50;1,00;1,00;0,50;0,00;0,00;1,00;1,00;0,00;0,00;7,00;6,00;13,00;6,00;1,00
0,00;0,00;0,00;0,00;0,00;0,00;0,00;0,00;0,00;0,00;0,00;0,00;0,00;0,00;0,00;0,00;0,00
0,50;1,00;0,50;1,00;1,00;1,00;0,40;1,00;1,00;0,75;1,00;1,00;10,15;8,00;21,00;20,00;5,00
0,50;0,67;1,00;0,00;0,00;0,75;0,00;0,40;0,00;0,00;0,00;0,00;3,32;2,00;12,00;0,00;0,00
0,00;0,00;0,00;0,00;0,00;0,00;0,00;0,00;0,00;0,00;0,00;0,00;0,00;0,00;0,00;0,00;0,00
0,00;0,00;0,00;0,00;0,00;0,00;0,00;0,00;0,00;0,00;0,00;0,00;0,00;0,00;0,00;0,00;0,00
0,00;0,00;0,00;0,00;0,00;0,00;0,00;0,00;0,00;0,00;0,00;0,00;0,00;0,00;0,00;0,00;0,00
0,00;0,00;0,00;0,00;0,00;0,00;0,00;0,00;0,00;0,00;0,00;0,00;0,00;0,00;0,00;0,00;0,00
1,00;1,00;0,00;1,00;1,00;1,00;0,40;1,00;1,00;1,00;1,00;0,67;10,07;8,00;21,00;24,00;5,00
1,00;1,00;0,00;0,00;0,00;0,00;0,00;0,00;0,00;0,00;0,00;0,00;2,00;1,00;5,00;0,00;0,00
1,00;1,00;0,50;1,00;1,00;1,00;0,40;1,00;1,00;1,00;1,00;1,00;10,90;7,00;23,00;22,00;5,00
1,00;0,67;1,00;1,00;1,00;0,88;0,20;1,00;1,00;1,00;1,00;1,00;10,75;8,00;16,00;13,00;3,00
0,00;0,00;0,00;0,00;0,00;0,00;0,00;0,00;0,00;0,00;0,00;0,00;0,00;0,00;0,00;0,00;0,00
0,00;0,00;0,50;0,00;0,00;0,00;0,00;0,00;0,00;0,00;0,00;0,00;0,50;2,00;0,00;0,00;0,00
1,00;1,00;0,00;1,00;1,00;1,00;0,50;0,80;0,75;1,00;1,00;0,67;9,72;6,00;20,00;21,00;4,00
0,00;0,00;0,00;0,00;0,00;0,25;0,00;0,40;0,00;0,00;0,00;0,00;0,65;0,00;10,00;4,00;0,00
1,00;1,00;1,00;1,00;1,00;1,00;0,70;1,00;1,00;0,50;1,00;0,00;10,20;8,00;18,00;3,00;2,00
0,50;0,33;0,00;0,50;1,00;0,00;0,00;0,40;0,00;0,00;0,00;0,00;2,73;3,00;12,00;16,00;1,00
0,50;0,33;1,00;0,00;0,00;1,00;0,40;0,00;1,00;0,75;1,00;1,00;6,98;8,00;22,00;21,00;5,00
1,00;0,67;1,00;1,00;1,00;1,00;0,40;0,80;1,00;1,00;0,83;1,00;10,70;7,00;16,00;20,00;4,00
1,00;1,00;1,00;0,50;1,00;0,00;0,00;0,00;1,00;1,00;0,67;0,00;7,17;3,00;10,00;0,00;0,00
0,00;0,00;0,00;0,00;0,00;0,00;0,00;0,00;0,00;0,00;0,00;0,00;0,00;0,00;0,00;0,00;0,00
0,00;0,00;0,00;0,00;0,00;0,00;0,00;0,00;0,00;0,00;0,00;0,00;0,00;0,00;0,00;0,00;0,00
1,00;1,00;1,00;0,50;0,67;0,00;0,00;1,00;1,00;0,25;0,83;1,00;8,25;5,00;14,00;17,00;3,00
0,00;1,00;0,50;0,50;1,00;1,00;0,00;0,80;1,00;0,50;0,83;0,67;7,80;8,00;19,00;21,00;4,00
0,50;1,00;1,00;1,00;0,67;0,88;0,40;0,60;0,50;0,50;0,00;0,00;7,05;6,00;13,00;7,00;1,00
0,00;0,00;0,00;0,00;0,00;0,00;0,00;0,00;0,00;0,00;0,00;0,00;0,00;0,00;0,00;0,00;0,00
1,00;1,00;1,00;1,00;1,00;1,00;0,40;1,00;0,50;1,00;0,83;1,00;10,73;8,00;19,00;8,00;3,00
0,00;0,00;0,00;0,00;0,00;0,00;0,00;0,00;0,00;0,00;0,00;0,00;0,00;0,00;0,00;0,00;0,00
1,00;1,00;0,00;1,00;1,00;1,00;0,00;0,80;1,00;0,50;0,00;0,00;7,30;6,00;12,00;15,00;2,00
1,00;1,00;1,00;1,00;1,00;1,00;0,40;1,00;0,75;1,00;0,50;0,67;10,32;8,00;14,00;8,00;2,00
1,00;1,00;1,00;1,00;1,00;1,00;0,40;0,80;1,00;0,75;0,67;1,00;10,62;8,00;23,00;23,00;5,00
1,00;1,00;1,00;0,00;0,00;1,00;0,40;0,00;1,00;0,00;0,00;0,00;5,40;5,00;13,00;13,00;2,00
0,50;1,00;0,00;0,00;0,00;0,00;0,00;0,00;0,25;0,00;0,00;0,00;1,75;1,00;12,00;0,00;0,00
0,00;0,00;0,00;0,00;0,00;0,00;0,00;0,00;0,00;0,00;0,00;0,00;0,00;0,00;0,00;0,00;0,00
1,00;1,00;1,00;1,00;1,00;1,00;1,00;1,00;1,00;1,00;1,00;1,00;12,00;8,00;25,00;24,00;5,00
1,00;1,00;1,00;1,00;1,00;1,00;0,00;0,80;1,00;1,00;0,67;0,00;9,47;7,00;16,00;14,00;3,00
1,00;1,00;1,00;1,00;1,00;1,00;1,00;0,80;1,00;1,00;1,00;0,33;11,13;8,00;24,00;25,00;5,00
1,00;0,67;1,00;1,00;1,00;1,00;0,40;0,80;1,00;0,25;0,83;0,00;8,95;8,00;19,00;16,00;4,00
1,00;0,00;0,00;0,00;1,00;0,00;0,00;0,00;0,00;0,00;0,00;0,00;2,00;6,00;11,00;6,00;0,00
1,00;1,00;1,00;1,00;1,00;0,00;0,00;0,00;0,00;0,00;0,00;0,00;5,00;2,00;0,00;0,00;0,00
1,00;1,00;0,50;1,00;1,00;1,00;1,00;1,00;1,00;0,25;1,00;1,00;10,75;7,00;17,00;11,00;3,00
0,00;0,00;0,00;0,00;0,00;0,00;0,00;0,00;0,00;0,00;0,00;0,00;0,00;1,00;19,00;5,00;0,00
1,00;1,00;0,50;1,00;1,00;1,00;0,00;0,80;1,00;0,50;1,00;1,00;9,80;7,00;17,00;0,00;1,00
1,00;1,00;0,50;1,00;1,00;1,00;0,00;0,80;0,00;0,00;0,00;0,00;6,30;7,00;9,00;3,00;0,00
0,00;0,00;0,00;0,00;0,00;0,00;0,00;0,00;0,00;0,00;0,00;0,00;0,00;0,00;7,00;0,00;0,00
1,00;1,00;1,00;1,00;1,00;1,00;0,40;1,00;1,00;1,00;0,67;1,00;11,07;8,00;19,00;17,00;4,00
1,00;0,67;1,00;1,00;1,00;1,00;0,00;0,00;0,00;0,00;0,00;0,00;5,67;1,00;0,00;0,00;0,00
0,00;0,00;0,00;0,00;0,00;0,00;0,00;0,00;0,00;0,00;0,00;0,00;0,00;0,00;0,00;0,00;0,00
1,00;1,00;0,50;0,00;0,00;1,00;0,40;0,00;0,25;0,25;0,00;0,00;4,40;4,00;17,00;10,00;2,00
1,00;0,67;0,00;0,00;0,67;1,00;0,00;1,00;0,50;0,00;0,00;0,33;5,17;5,00;10,00;15,00;1,00
0,00;0,00;0,00;0,00;0,00;0,00;0,00;0,00;0,00;0,00;0,00;0,00;0,00;0,00;1,00;3,00;0,00
0,00;0,00;0,00;0,00;0,00;0,00;0,00;0,00;0,00;0,00;0,00;0,00;0,00;1,00;13,00;0,00;0,00
1,00;1,00;0,50;1,00;1,00;0,38;0,20;1,00;1,00;1,00;0,83;0,00;8,91;7,00;11,00;9,00;1,00
1,00;0,67;1,00;0,00;0,00;0,75;0,00;1,00;0,00;0,00;0,67;0,00;5,09;8,00;14,00;8,00;1,00
0,00;0,00;0,00;0,00;0,00;0,00;0,00;0,00;0,00;0,00;0,00;0,00;0,00;0,00;0,00;0,00;0,00
0,50;1,00;0,50;0,50;1,00;0,75;0,20;0,40;0,00;0,00;0,00;0,00;4,85;4,00;3,00;2,00;0,00
0,00;0,00;0,00;0,00;0,00;0,00;0,00;0,00;0,00;0,00;0,00;0,00;0,00;0,00;0,00;0,00;0,00
1,00;1,00;1,00;0,00;0,00;1,00;0,00;0,80;0,50;0,00;0,83;1,00;7,13;6,00;9,00;9,00;1,00
0,00;0,00;0,00;0,00;0,00;0,00;0,00;0,00;0,00;0,00;0,00;0,00;0,00;0,00;0,00;0,00;0,00
1,00;1,00;0,00;0,00;0,00;0,00;0,00;0,00;0,00;0,00;0,00;0,00;2,00;0,00;4,00;0,00;0,00
0,00;0,00;0,00;0,00;0,00;0,00;0,00;0,00;0,00;0,00;0,00;0,00;0,00;0,00;0,00;0,00;0,00
1,00;0,00;0,00;0,00;0,00;0,00;0,00;0,00;0,00;0,00;0,00;0,00;1,00;0,00;0,00;0,00;0,00
0,00;0,00;0,00;0,00;0,00;0,00;0,00;0,00;0,00;0,00;0,00;0,00;0,00;0,00;0,00;0,00;0,00
0,50;0,33;0,00;1,00;1,00;0,25;0,00;0,00;0,00;0,00;0,00;0,00;3,08;3,00;5,00;6,00;0,00
1,00;1,00;0,00;0,00;0,00;1,00;0,50;0,80;1,00;1,00;1,00;1,00;8,30;8,00;16,00;22,00;4,00
1,00;1,00;0,50;0,00;1,00;0,88;0,40;0,80;0,75;0,25;0,67;0,00;7,25;6,00;15,00;5,00;1,00
1,00;1,00;1,00;1,00;1,00;1,00;0,40;0,80;0,75;0,25;0,00;0,00;8,20;5,00;16,00;9,00;2,00
0,00;0,00;0,00;0,00;0,00;0,00;0,00;0,00;0,00;0,00;0,00;0,00;0,00;6,00;11,00;0,00;0,00
1,00;1,00;0,50;0,00;0,67;1,00;0,00;0,60;0,75;0,00;0,33;0,00;5,85;5,00;11,00;4,00;0,00
1,00;1,00;1,00;1,00;1,00;1,00;0,30;0,80;1,00;0,50;1,00;0,00;9,60;5,00;14,00;15,00;2,00
0,00;0,00;0,00;0,00;0,00;0,00;0,00;0,00;0,00;0,00;0,00;0,00;0,00;0,00;0,00;0,00;0,00
1,00;1,00;1,00;1,00;1,00;1,00;0,40;1,00;1,00;1,00;0,83;0,00;10,23;8,00;13,00;12,00;2,00
1,00;0,33;0,00;0,00;0,00;1,00;0,40;0,80;1,00;0,50;1,00;1,00;7,03;8,00;18,00;21,00;4,00
1,00;1,00;0,00;1,00;1,00;0,75;0,00;0,40;1,00;0,00;0,00;0,00;6,15;5,00;13,00;3,00;0,00
0,50;0,67;0,00;0,00;0,00;0,00;0,00;0,00;0,00;0,00;0,00;0,00;1,17;0,00;20,00;18,00;3,00
0,00;0,00;0,00;0,00;0,00;0,00;0,00;0,00;0,00;0,00;0,00;0,00;0,00;0,00;0,00;0,00;0,00
1,00;1,00;1,00;0,00;0,00;1,00;0,80;1,00;0,00;0,00;0,83;0,00;6,63;2,00;4,00;5,00;0,00
1,00;1,00;1,00;1,00;1,00;1,00;0,40;1,00;1,00;0,50;1,00;0,67;10,57;6,00;17,00;21,00;4,00
0,50;1,00;1,00;1,00;1,00;1,00;0,40;1,00;1,00;1,00;1,00;0,67;10,57;8,00;21,00;21,00;5,00
1,00;1,00;0,00;1,00;1,00;1,00;0,00;0,00;1,00;0,50;0,83;0,00;7,33;6,00;20,00;8,00;2,00
0,00;0,00;0,00;0,00;0,00;0,00;0,00;0,00;0,00;0,00;0,00;0,00;0,00;0,00;0,00;0,00;0,00
0,00;0,00;0,00;0,00;0,00;0,00;0,00;0,00;0,00;0,00;0,00;0,00;0,00;0,00;0,00;0,00;0,00
0,00;0,00;0,00;0,00;0,00;0,00;0,00;0,00;0,00;0,00;0,00;0,00;0,00;3,00;20,00;20,00;3,00
0,00;0,00;0,00;0,00;0,00;0,00;0,00;0,00;0,00;0,00;0,00;0,00;0,00;0,00;0,00;0,00;0,00
0,00;0,00;0,00;0,00;0,00;0,00;0,00;0,00;0,00;0,00;0,00;0,00;0,00;3,00;23,00;9,00;2,00
1,00;1,00;1,00;1,00;1,00;1,00;0,40;1,00;1,00;1,00;1,00;0,00;10,40;7,00;23,00;12,00;4,00
1,00;1,00;1,00;1,00;1,00;1,00;0,40;0,80;0,50;0,25;0,00;0,00;7,95;8,00;17,00;14,00;3,00
1,00;1,00;0,50;1,00;1,00;1,00;0,40;1,00;1,00;1,00;0,67;1,00;10,57;8,00;14,00;17,00;3,00
1,00;1,00;1,00;1,00;1,00;1,00;0,40;1,00;1,00;0,25;0,00;0,00;8,65;6,00;20,00;15,00;3,00
0,00;0,00;0,00;0,00;0,00;0,00;0,00;0,00;0,00;0,00;0,00;0,00;0,00;0,00;0,00;0,00;0,00
0,00;0,00;0,00;1,00;1,00;1,00;1,00;0,80;0,00;0,00;1,00;0,00;5,80;6,00;20,00;23,00;4,00
1,00;1,00;0,50;1,00;1,00;0,88;0,10;0,60;0,75;1,00;0,00;0,00;7,83;8,00;12,00;5,00;1,00
0,00;0,00;0,00;0,00;0,00;0,00;0,00;0,00;0,00;0,00;0,00;0,00;0,00;0,00;0,00;0,00;0,00
1,00;1,00;1,00;1,00;1,00;1,00;0,30;1,00;1,00;0,00;0,00;0,00;8,30;8,00;18,00;6,00;2,00
1,00;1,00;0,50;0,00;1,00;1,00;0,30;1,00;0,50;0,00;0,67;0,00;6,97;0,00;8,00;0,00;0,00
1,00;1,00;0,50;1,00;1,00;1,00;0,40;1,00;0,75;1,00;0,67;0,00;9,32;7,00;21,00;14,00;3,00
1,00;1,00;1,00;0,50;1,00;1,00;0,90;0,80;0,75;0,75;0,00;0,00;8,70;6,00;10,00;3,00;0,00
1,00;1,00;1,00;1,00;1,00;1,00;0,00;1,00;0,75;0,50;0,00;0,00;8,25;7,00;23,00;16,00;4,00
1,00;1,00;1,00;1,00;1,00;1,00;0,40;1,00;1,00;1,00;0,83;1,00;11,23;8,00;21,00;22,00;5,00
1,00;1,00;0,50;0,50;1,00;1,00;0,40;1,00;1,00;1,00;0,83;1,00;10,23;6,00;21,00;0,00;1,00
0,00;0,00;0,00;0,00;0,00;0,00;0,00;0,00;0,00;0,00;0,00;0,00;0,00;0,00;0,00;0,00;0,00
1,00;1,00;1,00;1,00;1,00;1,00;0,40;0,80;1,00;1,00;0,83;0,00;10,03;8,00;20,00;18,00;4,00
1,00;1,00;0,50;1,00;1,00;1,00;0,70;0,00;1,00;1,00;0,50;0,00;8,70;7,00;25,00;25,00;5,00
0,00;0,00;0,00;0,00;0,00;0,00;0,00;0,00;0,00;0,00;0,00;0,00;0,00;0,00;0,00;0,00;0,00
1,00;1,00;1,00;1,00;1,00;1,00;0,40;1,00;1,00;1,00;1,00;1,00;11,40;8,00;22,00;22,00;5,00
0,50;0,67;0,50;0,00;1,00;0,00;0,00;0,00;0,00;0,00;0,00;0,00;2,67;6,00;14,00;6,00;1,00
0,00;0,00;0,00;0,00;0,00;0,00;0,00;0,00;0,00;0,00;0,00;0,00;0,00;0,00;0,00;0,00;0,00
0,00;1,00;0,00;0,00;0,00;1,00;0,00;0,00;0,75;0,00;1,00;1,00;4,75;4,00;11,00;14,00;1,00
1,00;1,00;0,50;1,00;1,00;1,00;0,40;0,80;0,75;0,25;0,00;0,00;7,70;5,00;17,00;6,00;1,00
1,00;1,00;1,00;1,00;1,00;1,00;1,00;1,00;1,00;1,00;1,00;1,00;12,00;8,00;19,00;25,00;5,00
0,00;0,00;0,00;0,00;0,00;0,38;0,00;0,00;0,00;0,00;0,00;0,00;0,38;7,00;20,00;22,00;4,00
0,00;0,00;0,00;0,00;0,00;0,00;0,00;0,00;0,00;0,00;0,00;0,00;0,00;0,00;0,00;0,00;0,00
0,00;0,00;0,00;0,00;0,00;0,00;0,00;0,00;0,00;0,00;0,00;0,00;0,00;0,00;0,00;0,00;0,00
0,00;0,00;0,00;0,00;0,00;0,00;0,00;0,00;0,00;0,00;0,00;0,00;0,00;0,00;0,00;0,00;0,00
0,50;0,67;1,00;0,00;0,00;0,75;0,00;0,00;0,00;0,00;0,00;0,00;2,92;0,00;10,00;0,00;0,00
1,00;1,00;1,00;1,00;1,00;1,00;0,90;1,00;1,00;0,75;0,83;0,00;10,48;8,00;12,00;5,00;1,00
1,00;1,00;1,00;1,00;1,00;1,00;0,70;0,80;0,25;0,00;0,00;0,00;7,75;8,00;16,00;3,00;1,00
1,00;1,00;1,00;1,00;1,00;1,00;0,00;0,80;0,25;0,25;0,00;0,00;7,30;7,00;7,00;13,00;1,00
1,00;1,00;0,50;1,00;1,00;1,00;0,40;0,40;0,75;0,75;0,83;0,67;9,30;8,00;24,00;20,00;5,00
0,50;0,67;1,00;1,00;1,00;1,00;0,40;0,80;0,75;0,75;0,83;0,33;9,03;8,00;15,00;10,00;2,00
1,00;1,00;0,50;1,00;1,00;1,00;0,40;0,80;0,00;0,25;0,67;0,00;7,62;8,00;21,00;11,00;3,00
0,50;1,00;0,00;1,00;1,00;1,00;0,00;0,00;1,00;0,00;0,83;0,00;6,33;5,00;16,00;16,00;3,00
0,00;0,00;0,00;0,00;0,00;0,25;0,00;0,00;0,00;0,00;0,00;0,00;0,25;0,00;0,00;0,00;0,00
1,00;1,00;0,50;1,00;1,00;1,00;0,40;1,00;1,00;0,00;1,00;1,00;9,90;8,00;14,00;18,00;3,00
0,00;0,00;0,00;0,00;0,00;0,00;0,00;0,00;0,00;0,00;0,00;0,00;0,00;1,00;0,00;0,00;0,00
0,00;0,00;0,00;0,00;0,00;0,00;0,00;0,00;0,00;0,00;0,00;0,00;0,00;0,00;0,00;0,00;0,00
1,00;1,00;0,00;0,00;0,00;0,00;0,00;0,00;0,00;0,00;0,00;0,00;2,00;1,00;16,00;15,00;2,00
0,00;0,00;0,00;0,00;0,00;0,00;0,00;0,00;0,00;0,00;0,00;0,00;0,00;0,00;0,00;0,00;0,00
1,00;1,00;0,00;1,00;1,00;1,00;0,40;0,60;0,50;0,50;0,00;0,00;7,00;8,00;17,00;16,00;3,00
0,00;0,00;0,00;0,00;0,00;0,00;0,00;0,00;0,00;0,00;0,00;0,00;0,00;0,00;0,00;0,00;0,00
0,50;1,00;1,00;0,00;1,00;1,00;0,40;1,00;1,00;1,00;0,83;0,00;8,73;8,00;21,00;16,00;4,00
1,00;1,00;0,50;1,00;1,00;1,00;0,40;1,00;1,00;1,00;0,83;1,00;10,73;7,00;23,00;25,00;5,00
0,50;1,00;0,50;1,00;1,00;1,00;0,00;0,00;0,00;0,00;0,00;0,00;5,00;6,00;19,00;5,00;1,00
1,00;1,00;0,50;1,00;1,00;1,00;0,40;1,00;1,00;1,00;0,67;1,00;10,57;8,00;17,00;18,00;4,00
0,00;0,00;0,00;0,00;0,00;1,00;0,00;0,00;1,00;0,50;0,00;0,00;2,50;1,00;4,00;0,00;0,00
1,00;1,00;1,00;1,00;1,00;1,00;0,30;0,80;1,00;0,50;1,00;0,00;9,60;8,00;12,00;17,00;3,00
1,00;1,00;0,50;0,00;1,00;1,00;0,00;0,00;1,00;0,25;0,83;0,67;7,25;4,00;12,00;6,00;0,00
0,50;0,00;0,00;1,00;1,00;1,00;0,40;1,00;1,00;0,75;0,50;0,00;7,15;7,00;10,00;9,00;1,00
0,00;0,00;0,00;0,00;0,00;0,00;0,00;0,00;0,00;0,00;0,00;0,00;0,00;6,00;8,00;4,00;0,00
1,00;1,00;1,00;1,00;1,00;1,00;1,00;1,00;1,00;1,00;1,00;0,00;11,00;8,00;25,00;24,00;5,00
1,00;1,00;1,00;1,00;1,00;0,00;0,00;0,40;0,00;0,00;0,00;0,00;5,40;0,00;0,00;0,00;0,00
1,00;0,67;1,00;1,00;1,00;1,00;0,70;0,80;1,00;1,00;1,00;1,00;11,17;8,00;14,00;7,00;2,00
0,50;1,00;0,00;1,00;1,00;1,00;0,40;1,00;1,00;0,75;0,33;0,00;7,98;7,00;16,00;12,00;2,00
1,00;1,00;1,00;1,00;1,00;1,00;0,80;0,80;1,00;0,25;0,50;1,00;10,35;7,00;25,00;21,00;5,00
1,00;1,00;1,00;1,00;1,00;1,00;0,40;1,00;0,75;0,25;0,83;0,00;9,23;4,00;9,00;7,00;0,00
0,50;1,00;0,50;0,00;1,00;0,88;0,00;1,00;0,00;0,00;0,00;0,00;4,88;6,00;4,00;0,00;0,00
0,50;1,00;1,00;1,00;1,00;1,00;0,00;1,00;0,00;0,00;0,67;1,00;8,17;6,00;20,00;18,00;4,00
0,50;0,67;0,00;0,00;1,00;0,00;0,00;0,00;0,00;0,00;0,00;0,00;2,17;0,00;5,00;0,00;0,00
0,00;0,00;0,50;0,00;0,00;0,00;0,00;0,00;0,00;0,00;0,00;0,00;0,50;0,00;0,00;0,00;0,00
0,00;0,00;0,00;0,00;0,00;0,00;0,00;0,00;0,00;0,00;0,00;0,00;0,00;0,00;0,00;0,00;0,00
0,50;0,67;0,50;0,00;0,00;1,00;0,00;0,00;0,00;0,00;0,00;0,00;2,67;7,00;9,00;0,00;0,00
1,00;1,00;0,50;1,00;1,00;1,00;0,00;0,80;1,00;0,00;0,00;0,00;7,30;8,00;23,00;21,00;5,00
0,00;0,00;0,00;0,00;0,00;0,00;0,00;0,00;0,00;0,00;0,00;0,00;0,00;0,00;0,00;0,00;0,00
0,00;0,00;0,50;0,00;1,00;0,00;0,00;0,40;0,75;0,25;0,00;0,00;2,90;3,00;7,00;3,00;0,00
0,50;1,00;0,00;0,00;0,00;1,00;0,40;0,80;1,00;1,00;1,00;0,67;7,37;3,00;17,00;21,00;3,00
1,00;1,00;1,00;1,00;1,00;1,00;0,40;1,00;1,00;0,75;0,83;1,00;10,98;8,00;14,00;17,00;3,00
1,00;1,00;1,00;1,00;1,00;1,00;0,40;0,80;1,00;0,50;0,67;0,00;9,37;8,00;13,00;12,00;2,00
1,00;1,00;0,00;0,00;1,00;1,00;0,90;0,00;0,00;0,00;0,00;0,00;4,90;5,00;21,00;0,00;1,00
1,00;1,00;1,00;1,00;1,00;1,00;0,60;0,80;0,75;0,75;0,33;0,00;9,23;8,00;21,00;18,00;4,00
0,00;0,00;0,00;0,00;0,00;0,00;0,00;0,00;0,00;0,00;0,00;0,00;0,00;1,00;0,00;0,00;0,00
1,00;1,00;1,00;1,00;1,00;1,00;0,80;1,00;1,00;0,75;0,83;0,00;10,38;7,00;23,00;22,00;5,00
1,00;1,00;0,00;1,00;1,00;1,00;0,00;0,60;0,00;0,00;0,00;0,00;5,60;3,00;15,00;6,00;0,00
1,00;1,00;0,00;0,00;0,00;0,00;0,00;0,00;0,00;0,00;0,00;0,00;2,00;0,00;0,00;0,00;0,00
0,50;1,00;0,00;1,00;1,00;1,00;0,80;0,20;1,00;0,75;0,50;0,33;8,08;6,00;15,00;13,00;2,00
1,00;1,00;0,50;1,00;1,00;1,00;1,00;1,00;1,00;1,00;0,83;0,00;10,33;7,00;16,00;13,00;3,00
1,00;1,00;0,50;1,00;1,00;1,00;1,00;1,00;1,00;1,00;1,00;1,00;11,50;8,00;22,00;23,00;5,00
1,00;1,00;0,50;0,00;0,00;0,00;0,00;0,00;0,00;0,00;0,00;0,00;2,50;8,00;24,00;23,00;5,00
1,00;1,00;0,50;0,50;1,00;1,00;0,40;0,80;1,00;0,75;1,00;1,00;9,95;8,00;25,00;24,00;5,00
1,00;1,00;0,00;0,00;1,00;0,00;0,00;0,00;0,00;0,00;0,33;0,00;3,33;5,00;14,00;5,00;0,00
1,00;1,00;1,00;1,00;1,00;1,00;0,50;1,00;1,00;1,00;0,00;0,00;9,50;8,00;18,00;0,00;1,00
1,00;1,00;1,00;1,00;1,00;1,00;0,40;1,00;1,00;0,50;0,00;0,00;8,90;6,00;18,00;6,00;2,00
0,00;0,00;0,00;0,00;0,00;0,00;0,00;0,00;0,00;0,00;0,00;0,00;0,00;0,00;0,00;0,00;0,00
1,00;1,00;0,50;1,00;1,00;0,38;0,00;0,00;0,00;0,00;0,00;0,00;4,88;0,00;1,00;0,00;0,00
0,50;1,00;0,50;1,00;1,00;1,00;0,00;0,00;0,00;0,00;0,00;0,00;5,00;5,00;16,00;12,00;2,00
1,00;1,00;1,00;1,00;1,00;1,00;0,40;1,00;1,00;1,00;1,00;1,00;11,40;8,00;19,00;20,00;4,00
0,00;0,00;0,00;0,00;0,00;0,00;0,00;0,00;0,00;0,00;0,00;0,00;0,00;0,00;8,00;0,00;0,00
0,00;0,00;0,00;0,00;0,00;0,00;0,00;0,00;0,00;0,00;0,00;0,00;0,00;0,00;0,00;0,00;0,00
0,50;1,00;0,00;0,00;1,00;1,00;0,40;0,80;0,75;0,25;0,83;0,67;7,20;7,00;24,00;20,00;5,00
1,00;1,00;0,50;1,00;1,00;1,00;0,80;0,80;0,75;0,25;1,00;0,67;9,77;8,00;13,00;4,00;1,00
0,00;0,00;0,00;0,00;0,00;0,00;0,00;0,00;0,00;0,00;0,00;0,00;0,00;0,00;0,00;0,00;0,00
0,50;0,67;0,00;0,00;0,00;0,00;0,00;0,00;0,00;0,00;0,00;0,00;1,17;4,00;16,00;6,00;1,00
1,00;1,00;1,00;1,00;1,00;0,00;0,00;1,00;1,00;1,00;1,00;1,00;10,00;8,00;19,00;18,00;4,00
1,00;0,67;0,50;0,00;1,00;1,00;0,40;0,80;0,00;0,00;0,67;0,00;6,04;6,00;12,00;19,00;3,00
0,00;0,00;0,00;0,00;0,00;0,00;0,00;0,00;0,00;0,00;0,00;0,00;0,00;0,00;5,00;0,00;0,00
0,00;0,00;0,00;0,00;0,00;0,00;0,00;0,00;0,00;0,00;0,00;1,00;1,00;8,00;19,00;24,00;5,00
1,00;1,00;1,00;1,00;1,00;1,00;0,00;1,00;1,00;1,00;0,00;1,00;10,00;7,00;8,00;2,00;0,00
1,00;1,00;0,50;1,00;1,00;1,00;1,00;1,00;0,75;0,00;1,00;1,00;10,25;8,00;21,00;22,00;5,00
0,00;0,00;0,00;0,00;0,00;0,00;0,00;0,00;0,00;0,00;0,00;0,00;0,00;0,00;0,00;0,00;0,00
0,50;1,00;0,50;1,00;1,00;1,00;0,40;0,00;0,00;0,00;0,00;0,00;5,40;8,00;16,00;15,00;3,00
1,00;1,00;0,00;0,00;1,00;0,88;0,40;1,00;0,50;0,25;0,83;0,67;7,53;7,00;10,00;11,00;1,00
1,00;1,00;0,50;1,00;1,00;0,25;0,00;1,00;1,00;0,50;0,83;0,00;8,08;5,00;16,00;15,00;3,00
1,00;1,00;0,50;0,00;1,00;1,00;1,00;1,00;1,00;1,00;1,00;1,00;10,50;8,00;11,00;10,00;2,00
1,00;1,00;0,00;0,00;0,00;0,00;0,00;0,00;0,00;0,00;0,00;0,00;2,00;0,00;22,00;22,00;3,00
1,00;1,00;0,50;0,50;1,00;1,00;0,40;0,00;1,00;0,75;0,00;0,00;7,15;5,00;21,00;11,00;3,00
1,00;1,00;1,00;1,00;1,00;1,00;1,00;1,00;1,00;0,75;0,50;0,00;10,25;8,00;15,00;8,00;2,00
0,00;0,00;0,00;0,00;0,00;0,00;0,00;0,00;0,00;0,00;0,00;0,00;0,00;0,00;0,00;0,00;0,00
0,50;0,00;0,00;0,00;0,00;0,25;0,00;0,00;0,00;0,00;0,00;0,00;0,75;8,00;14,00;9,00;1,00
0,50;1,00;0,00;0,00;0,00;0,88;0,40;0,20;0,00;0,00;0,00;0,00;2,98;2,00;12,00;6,00;0,00
1,00;1,00;0,50;0,00;0,00;0,50;0,00;0,00;0,75;0,00;0,00;0,00;3,75;7,00;15,00;8,00;1,00
1,00;1,00;1,00;0,50;1,00;0,38;0,30;0,40;0,75;0,25;0,83;0,00;7,41;6,00;23,00;4,00;2,00
0,50;1,00;1,00;1,00;1,00;1,00;0,20;0,00;1,00;0,25;1,00;1,00;8,95;3,00;13,00;0,00;0,00
1,00;1,00;1,00;0,00;1,00;1,00;1,00;0,80;1,00;0,75;0,83;0,67;10,05;8,00;19,00;17,00;4,00
1,00;1,00;0,00;1,00;1,00;1,00;0,40;1,00;1,00;1,00;0,83;0,00;9,23;5,00;23,00;24,00;5,00
0,50;0,33;0,00;0,00;0,33;1,00;0,40;0,00;0,50;1,00;0,83;0,67;5,56;8,00;16,00;19,00;3,00
1,00;1,00;1,00;1,00;1,00;1,00;0,00;0,40;0,25;0,00;0,67;0,00;7,32;8,00;13,00;6,00;1,00
0,00;0,00;0,00;0,00;0,00;0,00;0,00;0,00;0,00;0,00;0,67;0,00;0,67;5,00;18,00;10,00;2,00
0,00;0,00;0,00;0,00;0,00;0,00;0,00;0,00;0,00;0,00;0,00;0,00;0,00;0,00;1,00;0,00;0,00
1,00;0,67;0,50;1,00;0,33;1,00;0,00;0,60;0,50;0,25;0,00;0,00;5,85;7,00;11,00;8,00;1,00
1,00;1,00;0,50;1,00;1,00;1,00;1,00;0,80;1,00;1,00;0,83;1,00;11,13;8,00;22,00;22,00;5,00
1,00;1,00;1,00;0,00;1,00;1,00;0,40;0,80;0,00;1,00;0,00;0,00;7,20;8,00;16,00;6,00;2,00
0,00;0,33;1,00;0,00;0,00;1,00;0,00;0,00;0,00;0,00;0,00;0,00;2,33;2,00;0,00;0,00;0,00
0,50;0,67;0,00;0,00;1,00;1,00;0,00;0,00;0,50;0,25;0,00;0,00;3,92;5,00;7,00;3,00;0,00
0,00;0,00;0,00;0,00;0,00;0,00;0,00;0,00;0,00;0,00;0,00;0,00;0,00;0,00;0,00;0,00;0,00
0,50;0,67;0,00;0,00;0,00;0,00;0,00;0,00;0,00;0,00;0,00;0,00;1,17;7,00;1,00;0,00;0,00
1,00;0,67;1,00;0,00;0,67;0,75;0,40;0,40;0,75;1,00;0,00;0,00;6,64;8,00;6,00;0,00;0,00
0,00;0,00;0,00;0,00;0,00;0,00;0,00;0,00;0,00;0,00;0,00;0,00;0,00;0,00;0,00;0,00;0,00
0,00;0,00;0,00;0,00;0,00;0,00;0,00;0,00;0,00;0,00;0,00;0,00;0,00;0,00;7,00;0,00;0,00
1,00;1,00;0,50;1,00;1,00;1,00;0,40;1,00;1,00;1,00;1,00;0,33;10,23;8,00;25,00;19,00;5,00
0,00;0,00;0,00;0,00;0,00;0,00;0,00;0,00;0,00;0,00;0,00;0,00;0,00;0,00;0,00;0,00;0,00
0,00;0,00;0,00;0,00;0,00;0,88;0,20;0,00;0,00;0,00;0,83;0,00;1,91;0,00;20,00;18,00;3,00
1,00;1,00;0,00;0,00;0,00;1,00;0,00;0,00;0,00;0,00;0,00;0,00;3,00;5,00;16,00;5,00;1,00
1,00;1,00;0,00;0,00;1,00;1,00;0,40;0,80;1,00;0,75;0,83;1,00;8,78;7,00;19,00;22,00;4,00
0,00;0,00;0,00;0,00;0,00;0,00;0,00;0,00;0,00;0,00;0,00;0,00;0,00;0,00;0,00;0,00;0,00
1,00;1,00;1,00;1,00;1,00;1,00;0,40;0,80;1,00;1,00;1,00;1,00;11,20;8,00;24,00;23,00;5,00
1,00;1,00;1,00;1,00;1,00;1,00;1,00;1,00;1,00;1,00;1,00;0,00;11,00;8,00;23,00;21,00;5,00
0,00;0,00;0,00;0,00;0,00;0,00;0,00;0,00;0,00;0,00;0,00;0,00;0,00;0,00;0,00;0,00;0,00
1,00;1,00;0,00;1,00;1,00;1,00;0,30;1,00;1,00;1,00;1,00;0,00;9,30;4,00;19,00;15,00;3,00
0,00;0,00;0,00;0,00;0,00;0,00;0,00;0,00;0,00;0,00;0,00;0,00;0,00;0,00;0,00;0,00;0,00
0,00;0,00;0,00;0,00;0,00;0,00;0,00;0,00;0,00;0,00;0,00;0,00;0,00;0,00;0,00;0,00;0,00
0,00;0,00;0,00;0,00;0,00;0,00;0,00;0,00;0,00;0,00;0,00;0,00;0,00;0,00;0,00;0,00;0,00
0,00;0,00;0,00;0,00;0,00;0,00;0,00;0,00;0,00;0,00;0,00;0,00;0,00;0,00;3,00;0,00;0,00
0,50;1,00;0,00;1,00;1,00;1,00;0,00;1,00;0,75;0,50;0,00;0,33;7,08;8,00;17,00;15,00;3,00
0,00;0,00;0,00;0,00;0,00;1,00;0,40;0,00;0,00;0,00;0,50;0,00;1,90;8,00;13,00;7,00;1,00
1,00;1,00;0,00;1,00;1,00;1,00;1,00;1,00;1,00;1,00;0,67;0,67;10,34;8,00;21,00;21,00;5,00
0,50;0,67;1,00;0,00;0,00;1,00;0,00;1,00;0,00;0,00;0,00;0,00;4,17;7,00;18,00;7,00;2,00
1,00;1,00;1,00;1,00;1,00;1,00;0,80;0,80;0,50;0,75;0,00;0,67;9,52;6,00;20,00;16,00;3,00
1,00;0,67;0,50;1,00;1,00;1,00;0,90;1,00;1,00;1,00;1,00;1,00;11,07;8,00;19,00;24,00;5,00
0,50;1,00;0,00;0,00;1,00;1,00;0,00;0,80;0,75;1,00;1,00;0,00;7,05;6,00;12,00;6,00;1,00
1,00;1,00;1,00;0,50;1,00;1,00;0,90;0,80;0,00;0,00;0,00;0,00;7,20;7,00;14,00;4,00;1,00
0,00;0,00;0,00;0,00;0,00;0,00;0,00;0,00;0,00;0,00;0,00;0,00;0,00;0,00;0,00;0,00;0,00
0,00;0,00;0,00;0,00;0,00;0,00;0,00;0,00;0,00;0,00;0,00;0,00;0,00;0,00;0,00;0,00;0,00
1,00;1,00;0,50;1,00;1,00;0,00;0,00;0,80;0,25;0,00;0,00;0,00;5,55;5,00;24,00;23,00;5,00
1,00;1,00;0,50;1,00;1,00;1,00;0,20;0,00;0,75;0,00;0,00;0,00;6,45;0,00;7,00;0,00;0,00
1,00;1,00;1,00;1,00;1,00;1,00;1,00;0,00;0,25;0,50;0,00;0,00;7,75;5,00;0,00;0,00;0,00
0,00;0,00;0,00;0,00;0,00;0,00;0,00;0,00;0,00;0,00;0,00;0,00;0,00;0,00;0,00;0,00;0,00
0,00;0,00;0,00;0,00;0,00;0,00;0,00;0,00;0,00;0,00;0,00;0,00;0,00;0,00;0,00;0,00;0,00
1,00;0,67;1,00;0,50;1,00;1,00;0,00;0,00;0,00;0,00;0,00;0,00;5,17;2,00;0,00;0,00;0,00
0,00;0,00;0,00;0,00;0,00;0,00;0,00;0,00;0,00;0,00;0,00;0,00;0,00;0,00;0,00;0,00;0,00
0,50;0,00;0,00;0,00;0,00;0,00;0,00;0,00;0,00;0,00;0,00;0,00;0,50;0,00;0,00;0,00;0,00
1,00;1,00;1,00;1,00;1,00;1,00;0,40;1,00;1,00;0,25;0,00;0,00;8,65;6,00;11,00;5,00;0,00
1,00;1,00;1,00;1,00;1,00;1,00;0,40;1,00;1,00;0,25;0,33;0,00;8,98;8,00;17,00;7,00;2,00
1,00;1,00;0,50;1,00;1,00;0,00;0,00;0,00;0,00;0,00;0,00;0,00;4,50;4,00;8,00;4,00;0,00
1,00;1,00;1,00;1,00;1,00;1,00;0,40;0,80;1,00;1,00;0,67;1,00;10,87;8,00;21,00;19,00;5,00
0,00;0,00;0,00;0,00;0,00;0,00;0,00;0,00;0,00;0,00;0,00;0,00;0,00;0,00;0,00;0,00;0,00
1,00;0,33;0,50;0,00;1,00;1,00;0,90;0,80;1,00;0,50;0,83;1,00;8,86;8,00;22,00;21,00;5,00
1,00;1,00;0,50;1,00;1,00;1,00;0,40;0,40;1,00;1,00;0,83;0,67;9,80;8,00;17,00;11,00;3,00
0,00;0,00;0,00;0,00;0,00;0,00;0,00;0,00;0,00;0,00;0,00;0,00;0,00;0,00;0,00;0,00;0,00
0,50;0,67;0,00;0,50;1,00;1,00;0,00;0,60;0,50;0,25;0,67;0,67;6,36;8,00;20,00;9,00;3,00
0,00;0,00;0,00;0,00;0,00;0,00;0,00;0,00;0,00;0,00;0,00;0,00;0,00;0,00;0,00;0,00;0,00
1,00;1,00;0,50;1,00;1,00;1,00;0,90;0,80;1,00;1,00;1,00;1,00;11,20;7,00;11,00;5,00;1,00
1,00;1,00;0,50;1,00;1,00;1,00;1,00;0,80;1,00;1,00;0,83;0,00;10,13;8,00;25,00;22,00;5,00
0,50;1,00;0,00;0,00;0,00;0,00;0,00;0,00;0,00;0,00;0,00;0,00;1,50;3,00;20,00;22,00;4,00
0,50;0,67;1,00;1,00;1,00;0,88;0,40;0,80;0,75;0,25;0,00;0,00;7,25;7,00;12,00;6,00;1,00
1,00;0,67;1,00;1,00;1,00;1,00;0,70;1,00;1,00;1,00;0,83;0,00;10,20;6,00;18,00;3,00;1,00
1,00;1,00;0,00;0,00;0,00;0,00;0,00;0,00;0,00;0,00;0,00;0,00;2,00;7,00;16,00;23,00;4,00
1,00;0,67;0,00;0,00;0,67;0,63;0,40;0,80;0,50;0,25;0,50;0,00;5,42;3,00;5,00;0,00;0,00
0,50;1,00;1,00;0,00;0,00;0,38;0,00;0,00;0,00;0,00;0,00;0,00;2,88;2,00;8,00;0,00;0,00
0,50;0,67;0,50;0,50;1,00;1,00;0,00;0,00;0,50;1,00;1,00;0,33;7,00;3,00;14,00;14,00;2,00
0,50;1,00;1,00;1,00;1,00;1,00;0,40;0,80;0,00;0,00;0,00;0,00;6,70;8,00;18,00;18,00;4,00
0,50;0,67;0,00;0,00;0,00;0,00;0,00;0,00;0,50;0,25;0,67;0,00;2,59;3,00;11,00;8,00;0,00
1,00;1,00;1,00;1,00;1,00;1,00;0,00;1,00;1,00;1,00;0,67;0,33;10,00;8,00;11,00;12,00;2,00
1,00;1,00;1,00;1,00;1,00;1,00;0,40;0,80;1,00;1,00;0,83;0,00;10,03;8,00;20,00;18,00;4,00
0,50;1,00;0,50;1,00;1,00;1,00;0,40;1,00;0,50;0,25;0,00;0,00;7,15;7,00;22,00;0,00;1,00
0,50;0,67;0,00;0,50;1,00;1,00;0,00;0,00;0,00;0,00;0,00;0,67;4,34;3,00;22,00;7,00;2,00
0,00;0,00;0,00;0,00;0,00;0,00;0,00;0,00;0,00;0,00;0,00;0,00;0,00;0,00;0,00;0,00;0,00
0,00;0,00;0,00;0,00;0,00;0,00;0,00;0,00;0,00;0,00;0,00;0,00;0,00;0,00;0,00;0,00;0,00
0,00;0,00;0,00;0,00;0,00;0,00;0,00;0,00;0,00;0,00;0,00;0,00;0,00;0,00;0,00;0,00;0,00
0,00;0,00;0,00;0,00;0,00;0,00;0,00;0,80;0,50;0,25;0,00;0,00;1,55;0,00;8,00;18,00;1,00
1,00;1,00;1,00;0,50;1,00;1,00;1,00;1,00;1,00;0,50;0,33;0,67;10,00;8,00;20,00;19,00;4,00
1,00;1,00;0,50;0,00;0,00;0,00;0,00;0,00;0,00;0,00;0,00;0,00;2,50;4,00;18,00;7,00;1,00
1,00;1,00;1,00;1,00;1,00;1,00;1,00;0,00;0,00;0,00;0,00;0,00;7,00;7,00;1,00;0,00;0,00
0,00;0,00;0,00;0,00;0,00;0,00;0,00;0,00;0,00;0,00;0,00;0,00;0,00;0,00;0,00;0,00;0,00
1,00;1,00;0,00;0,00;1,00;1,00;0,00;1,00;1,00;0,25;0,83;0,00;7,08;8,00;18,00;11,00;3,00
1,00;1,00;1,00;1,00;1,00;1,00;0,00;0,60;1,00;1,00;0,83;1,00;10,43;7,00;17,00;0,00;1,00
1,00;1,00;1,00;1,00;1,00;1,00;0,00;0,20;0,75;0,75;0,00;0,00;7,70;6,00;10,00;8,00;1,00
0,00;0,00;0,00;0,00;0,00;0,00;0,00;0,00;0,00;0,00;0,00;0,00;0,00;0,00;0,00;0,00;0,00
0,00;0,00;0,00;0,00;0,00;0,00;0,00;0,00;0,00;0,00;0,00;0,00;0,00;0,00;0,00;0,00;0,00
1,00;0,67;0,00;0,00;0,00;1,00;0,00;0,00;0,00;0,00;0,00;0,00;2,67;8,00;14,00;19,00;3,00
1,00;1,00;0,50;0,00;0,00;1,00;0,00;1,00;0,00;0,00;0,00;0,00;4,50;6,00;21,00;6,00;2,00
1,00;1,00;0,50;1,00;1,00;1,00;0,40;0,60;0,50;0,50;0,83;0,00;8,33;8,00;10,00;8,00;1,00
1,00;1,00;1,00;0,00;1,00;1,00;0,40;0,60;0,75;0,25;0,00;0,00;7,00;6,00;15,00;15,00;3,00
1,00;1,00;0,00;0,00;0,00;1,00;0,00;0,00;0,00;0,00;0,00;0,00;3,00;0,00;22,00;0,00;0,00
0,00;0,00;0,00;0,00;0,00;0,00;0,00;0,00;0,00;0,00;0,00;0,00;0,00;0,00;0,00;0,00;0,00
1,00;1,00;1,00;1,00;1,00;1,00;0,80;1,00;0,75;1,00;1,00;1,00;11,55;8,00;19,00;20,00;4,00
0,50;1,00;0,00;1,00;1,00;1,00;0,40;0,80;1,00;0,00;0,83;0,00;7,53;5,00;19,00;10,00;2,00
1,00;0,67;0,50;0,00;0,00;0,38;0,00;0,60;0,50;0,00;0,83;0,00;4,48;3,00;13,00;5,00;0,00
1,00;1,00;1,00;1,00;1,00;1,00;0,00;1,00;0,50;0,50;0,00;0,00;8,00;6,00;20,00;10,00;3,00
0,00;0,00;0,50;0,00;0,33;0,00;0,00;0,00;0,00;0,00;0,00;0,00;0,83;0,00;2,00;0,00;0,00
0,50;0,33;0,00;0,00;0,00;0,00;0,00;0,00;0,00;0,00;0,00;0,00;0,83;0,00;0,00;0,00;0,00
0,00;0,00;0,00;0,00;0,00;0,00;0,00;0,00;0,00;0,00;0,00;0,00;0,00;4,00;2,00;0,00;0,00
0,00;0,00;0,00;0,00;0,00;0,00;0,00;0,00;0,00;0,00;0,00;0,00;0,00;0,00;10,00;11,00;0,00
0,00;0,00;0,00;0,00;0,00;0,00;0,00;0,00;0,00;0,00;0,00;0,00;0,00;0,00;0,00;0,00;0,00
0,50;0,33;1,00;0,00;0,00;0,00;0,00;0,00;0,00;0,00;0,00;0,00;1,83;0,00;0,00;0,00;0,00
1,00;1,00;1,00;1,00;1,00;1,00;0,00;1,00;1,00;1,00;0,67;0,33;10,00;8,00;14,00;7,00;2,00
1,00;1,00;1,00;0,00;0,00;1,00;0,40;0,00;0,00;0,00;0,00;1,00;5,40;1,00;23,00;0,00;0,00
1,00;1,00;1,00;1,00;1,00;1,00;0,40;0,80;0,50;0,00;0,00;0,00;7,70;4,00;21,00;0,00;1,00
0,50;0,67;0,00;0,00;0,00;0,88;0,00;0,00;0,00;0,00;0,00;0,00;2,05;0,00;18,00;4,00;0,00
0,00;0,00;0,00;0,00;0,00;0,00;0,00;0,00;0,00;0,00;0,00;0,00;0,00;1,00;0,00;0,00;0,00
0,00;0,00;0,00;0,00;0,00;0,00;0,00;0,00;0,00;0,00;0,00;0,00;0,00;0,00;0,00;0,00;0,00
0,50;1,00;0,00;1,00;0,00;0,00;0,00;0,00;0,00;0,00;0,00;0,00;2,50;3,00;15,00;25,00;3,00
0,00;0,00;0,00;0,00;0,00;0,00;0,00;0,00;0,00;0,00;0,00;0,00;0,00;4,00;9,00;0,00;0,00
1,00;0,67;1,00;0,00;0,00;1,00;0,00;0,80;0,00;0,00;0,00;0,00;4,47;6,00;12,00;9,00;1,00
0,00;0,00;0,00;0,00;0,00;0,00;0,00;0,00;0,00;0,00;0,00;0,00;0,00;2,00;3,00;0,00;0,00
1,00;1,00;0,00;1,00;1,00;0,88;0,00;1,00;1,00;0,25;0,67;0,00;7,80;6,00;1,00;3,00;0,00
1,00;1,00;0,50;1,00;1,00;1,00;0,40;1,00;1,00;1,00;1,00;1,00;10,90;8,00;18,00;17,00;4,00
1,00;1,00;1,00;1,00;1,00;1,00;1,00;0,80;1,00;0,75;0,50;0,00;10,05;8,00;15,00;15,00;3,00
1,00;1,00;1,00;1,00;1,00;1,00;0,00;0,80;1,00;1,00;0,00;0,00;8,80;4,00;11,00;0,00;0,00
1,00;1,00;0,50;1,00;1,00;1,00;1,00;0,80;1,00;0,75;0,83;0,33;10,21;5,00;8,00;16,00;2,00
1,00;1,00;0,50;1,00;1,00;0,25;0,00;1,00;1,00;0,50;0,67;0,00;7,92;6,00;14,00;6,00;1,00
1,00;1,00;1,00;0,50;1,00;1,00;0,00;0,80;1,00;1,00;0,83;0,67;9,80;6,00;19,00;11,00;3,00
0,00;0,00;0,00;0,00;0,00;0,00;0,00;0,00;0,00;0,00;0,00;0,00;0,00;0,00;0,00;0,00;0,00
0,00;0,00;0,50;0,00;0,00;0,00;0,00;0,00;0,00;0,00;0,00;0,00;0,50;1,00;0,00;0,00;0,00
1,00;0,00;0,00;1,00;1,00;1,00;0,60;0,80;1,00;0,50;0,83;1,00;8,73;7,00;23,00;24,00;5,00
0,50;0,67;0,50;1,00;1,00;1,00;0,40;0,80;1,00;1,00;1,00;0,67;9,54;8,00;16,00;12,00;3,00
1,00;1,00;1,00;1,00;1,00;1,00;0,00;0,80;0,75;0,50;1,00;1,00;10,05;8,00;13,00;16,00;3,00
0,00;0,00;0,00;0,00;0,00;0,00;0,00;0,00;0,00;0,00;0,00;0,00;0,00;0,00;0,00;0,00;0,00
0,00;0,00;0,00;0,00;0,00;0,00;0,00;0,00;0,00;0,00;0,00;0,00;0,00;0,00;0,00;0,00;0,00
1,00;1,00;1,00;1,00;1,00;1,00;0,00;1,00;0,75;0,25;1,00;1,00;10,00;7,00;14,00;3,00;1,00
0,50;1,00;1,00;1,00;1,00;1,00;0,30;1,00;0,75;0,25;0,83;0,00;8,63;6,00;12,00;15,00;2,00
0,00;0,00;0,00;0,00;0,00;0,00;0,00;0,00;0,00;0,00;0,00;0,00;0,00;0,00;0,00;0,00;0,00
1,00;1,00;0,00;1,00;1,00;1,00;0,00;1,00;0,75;0,75;0,00;0,00;7,50;7,00;14,00;11,00;2,00
1,00;1,00;0,50;0,00;0,00;0,88;0,40;0,00;0,00;0,00;0,00;0,00;3,78;1,00;19,00;12,00;2,00
0,00;0,00;0,00;0,00;0,00;0,00;0,00;0,00;0,00;0,00;0,00;0,00;0,00;0,00;0,00;0,00;0,00
1,00;1,00;1,00;0,50;1,00;1,00;0,00;0,80;0,75;0,00;0,00;0,00;7,05;6,00;17,00;15,00;3,00
0,00;0,00;0,00;0,00;0,00;0,00;0,00;0,00;0,00;0,00;0,00;0,00;0,00;0,00;0,00;0,00;0,00
1,00;1,00;1,00;0,00;1,00;0,75;0,40;1,00;0,50;1,00;0,83;0,00;8,48;4,00;10,00;12,00;1,00
0,00;0,00;0,00;0,00;0,00;0,00;0,00;0,00;0,00;0,00;0,00;0,00;0,00;0,00;0,00;0,00;0,00
0,00;0,00;0,00;0,00;1,00;0,88;0,00;0,00;0,00;0,00;0,00;0,00;1,88;0,00;8,00;0,00;0,00
1,00;1,00;1,00;1,00;1,00;0,38;0,80;1,00;1,00;1,00;0,67;1,00;10,85;8,00;12,00;5,00;1,00
1,00;1,00;1,00;0,00;1,00;0,25;0,00;0,00;0,00;0,00;0,00;0,00;4,25;0,00;0,00;0,00;0,00
1,00;1,00;1,00;1,00;1,00;1,00;0,40;1,00;1,00;1,00;1,00;1,00;11,40;8,00;20,00;19,00;4,00
0,00;0,00;0,00;0,00;0,00;0,00;0,00;0,00;0,00;0,00;0,00;0,00;0,00;2,00;7,00;9,00;0,00
1,00;1,00;0,00;0,00;0,00;0,00;0,00;0,00;0,00;0,00;0,00;0,00;2,00;0,00;0,00;0,00;0,00
1,00;0,67;0,50;1,00;1,00;1,00;0,40;1,00;1,00;1,00;0,83;1,00;10,40;8,00;13,00;12,00;2,00
0,50;1,00;0,00;0,00;0,00;0,00;0,00;0,00;0,00;0,00;0,00;0,00;1,50;0,00;0,00;0,00;0,00
0,50;0,67;0,00;0,00;0,67;0,00;0,00;0,00;0,00;0,00;0,00;0,00;1,84;4,00;19,00;10,00;2,00
0,00;0,00;0,00;0,00;0,00;0,00;0,00;0,00;0,00;0,00;0,00;0,00;0,00;0,00;0,00;0,00;0,00
0,00;0,00;0,00;0,00;0,00;0,00;0,00;0,00;0,00;0,00;0,00;0,00;0,00;0,00;0,00;0,00;0,00
1,00;1,00;1,00;0,50;1,00;1,00;0,70;1,00;1,00;1,00;1,00;1,00;11,20;8,00;24,00;20,00;5,00
1,00;1,00;1,00;1,00;1,00;1,00;0,40;0,80;1,00;1,00;0,83;0,00;10,03;8,00;24,00;19,00;5,00
0,00;0,00;0,00;0,00;0,00;0,00;0,00;0,00;0,00;0,00;0,00;0,00;0,00;0,00;0,00;0,00;0,00
1,00;1,00;1,00;1,00;1,00;1,00;0,40;1,00;1,00;1,00;0,83;0,00;10,23;8,00;21,00;18,00;4,00
1,00;1,00;0,00;1,00;1,00;1,00;1,00;0,80;1,00;1,00;1,00;1,00;10,80;8,00;21,00;19,00;5,00
0,50;0,67;0,50;1,00;1,00;1,00;0,10;0,00;0,50;0,25;0,00;0,00;5,52;3,00;15,00;5,00;0,00
0,00;0,00;0,00;0,00;0,00;0,00;0,00;0,00;1,00;1,00;0,00;0,00;2,00;8,00;20,00;21,00;4,00
0,50;1,00;0,50;1,00;1,00;1,00;0,40;1,00;0,75;0,75;0,83;0,67;9,40;7,00;14,00;14,00;2,00
1,00;1,00;0,00;0,00;1,00;1,00;0,20;0,00;0,00;0,00;0,00;0,00;4,20;5,00;18,00;7,00;1,00
1,00;1,00;1,00;1,00;1,00;1,00;0,40;1,00;0,50;0,25;0,00;0,00;8,15;8,00;17,00;0,00;1,00
0,50;0,67;0,00;0,00;0,00;0,00;0,00;0,00;0,00;0,00;0,00;0,00;1,17;0,00;11,00;3,00;0,00
1,00;1,00;0,50;1,00;1,00;1,00;1,00;1,00;1,00;1,00;1,00;0,00;10,50;7,00;22,00;22,00;5,00
0,50;0,67;0,00;0,00;1,00;1,00;0,40;0,00;0,00;0,00;0,00;0,00;3,57;8,00;18,00;15,00;3,00
0,50;1,00;0,50;0,00;0,00;0,75;0,00;0,00;0,00;0,00;0,00;0,00;2,75;0,00;0,00;0,00;0,00
1,00;1,00;0,50;0,00;0,33;1,00;0,40;0,00;0,00;0,00;0,00;0,00;4,23;3,00;13,00;4,00;0,00
1,00;1,00;1,00;1,00;1,00;1,00;0,40;1,00;1,00;1,00;0,83;0,00;10,23;8,00;18,00;13,00;3,00
0,50;1,00;0,00;0,00;1,00;1,00;0,40;0,80;0,00;0,00;0,00;0,00;4,70;4,00;19,00;5,00;1,00
1,00;1,00;1,00;0,00;1,00;1,00;0,40;0,00;1,00;0,25;0,00;0,00;6,65;8,00;13,00;13,00;2,00
1,00;1,00;0,50;0,00;1,00;1,00;0,40;0,60;0,50;0,25;0,83;0,67;7,75;8,00;15,00;12,00;2,00
0,00;0,00;0,00;0,00;0,00;0,00;0,00;0,00;0,00;0,00;0,00;0,00;0,00;0,00;0,00;0,00;0,00
0,00;0,00;0,00;0,00;0,00;0,00;0,00;0,00;0,00;0,00;0,00;0,00;0,00;0,00;0,00;0,00;0,00
1,00;1,00;0,50;1,00;1,00;1,00;0,40;0,80;0,25;0,25;0,83;0,00;8,03;8,00;9,00;4,00;0,00
0,00;0,00;0,00;0,00;0,00;0,00;0,00;0,00;0,00;0,00;0,00;0,00;0,00;0,00;0,00;0,00;0,00
1,00;1,00;0,00;0,00;1,00;1,00;0,40;0,40;0,75;0,50;0,83;0,67;7,55;4,00;10,00;5,00;0,00
1,00;1,00;0,00;0,50;1,00;1,00;0,40;0,00;0,75;1,00;0,83;0,67;8,15;7,00;17,00;10,00;2,00
1,00;0,33;0,50;1,00;1,00;0,00;0,00;0,80;1,00;1,00;0,50;0,67;7,80;7,00;13,00;7,00;1,00
1,00;1,00;1,00;1,00;1,00;1,00;0,70;1,00;1,00;1,00;0,83;1,00;11,53;8,00;22,00;23,00;5,00
1,00;1,00;0,50;1,00;1,00;1,00;0,20;0,80;0,50;0,00;0,00;0,00;7,00;6,00;14,00;5,00;1,00
0,50;0,00;0,00;0,00;0,00;0,25;0,00;0,20;0,00;0,00;0,00;0,00;0,95;0,00;4,00;0,00;0,00
0,00;0,00;0,00;0,00;0,00;0,00;0,00;0,00;0,00;0,00;0,00;0,00;0,00;0,00;0,00;0,00;0,00
1,00;1,00;1,00;1,00;1,00;1,00;0,40;1,00;1,00;0,75;0,67;1,00;10,82;6,00;18,00;9,00;2,00
0,00;0,00;0,00;0,00;0,00;0,88;0,30;0,00;1,00;0,75;0,00;0,67;3,60;1,00;0,00;11,00;0,00
1,00;0,67;1,00;0,00;1,00;1,00;0,00;1,00;1,00;0,00;0,83;0,00;7,50;8,00;9,00;4,00;0,00
1,00;1,00;0,50;0,00;0,00;0,00;0,00;0,00;0,00;0,00;0,00;0,00;2,50;2,00;20,00;0,00;0,00
0,00;0,00;0,00;0,00;0,00;0,00;0,00;0,00;0,00;0,00;0,00;0,00;0,00;0,00;0,00;0,00;0,00
1,00;1,00;0,50;1,00;1,00;1,00;0,40;0,80;0,75;0,75;1,00;1,00;10,20;8,00;14,00;8,00;2,00
1,00;1,00;0,50;1,00;1,00;1,00;0,50;0,80;1,00;0,25;1,00;0,00;9,05;5,00;9,00;1,00;0,00
1,00;1,00;1,00;0,00;0,00;1,00;0,90;0,00;0,00;0,00;0,00;0,00;4,90;1,00;3,00;1,00;0,00
0,00;0,00;0,00;0,00;0,00;0,00;0,00;0,00;0,00;0,00;0,00;0,00;0,00;0,00;0,00;0,00;0,00
0,00;0,00;0,00;0,00;0,00;0,00;0,00;0,00;0,00;0,00;0,00;0,00;0,00;0,00;0,00;0,00;0,00
0,00;0,00;0,00;0,00;0,00;0,00;0,00;0,00;0,00;0,00;0,00;0,00;0,00;0,00;0,00;0,00;0,00
0,50;0,67;0,50;0,00;0,00;0,63;0,20;0,40;0,50;0,50;0,83;1,00;5,73;4,00;12,00;14,00;1,00
1,00;1,00;0,00;1,00;0,67;1,00;0,20;0,40;1,00;0,75;0,67;0,00;7,69;8,00;23,00;21,00;5,00
1,00;1,00;1,00;1,00;1,00;1,00;1,00;1,00;1,00;1,00;0,00;0,00;10,00;8,00;24,00;12,00;4,00
0,00;0,00;0,00;0,00;0,00;0,00;0,00;0,00;0,00;0,00;0,00;0,00;0,00;0,00;0,00;0,00;0,00
0,00;0,00;0,00;0,00;0,00;0,00;0,00;0,00;0,00;0,00;0,00;0,00;0,00;0,00;0,00;0,00;0,00
0,00;0,00;0,00;0,00;0,00;0,00;0,00;0,00;0,00;0,00;0,00;0,00;0,00;0,00;13,00;9,00;0,00
1,00;1,00;0,00;1,00;1,00;1,00;0,00;1,00;0,50;0,00;0,67;0,00;7,17;5,00;11,00;9,00;1,00
1,00;1,00;1,00;1,00;1,00;1,00;0,40;1,00;1,00;1,00;0,83;0,00;10,23;8,00;20,00;18,00;4,00
1,00;1,00;1,00;1,00;1,00;1,00;0,40;1,00;1,00;0,75;1,00;0,00;10,15;8,00;21,00;16,00;4,00
0,50;1,00;0,50;0,50;0,67;0,00;0,00;0,80;0,00;0,00;0,00;0,00;3,97;6,00;12,00;10,00;1,00
1,00;1,00;1,00;1,00;1,00;1,00;0,90;0,80;1,00;1,00;0,67;0,67;11,04;8,00;22,00;17,00;4,00
0,50;0,67;0,00;0,00;0,00;0,00;0,00;0,40;0,00;0,00;0,00;0,00;1,57;3,00;7,00;0,00;0,00
1,00;1,00;0,50;0,50;1,00;1,00;0,40;1,00;1,00;0,25;0,67;1,00;9,32;8,00;23,00;18,00;5,00
1,00;1,00;1,00;1,00;1,00;1,00;0,20;1,00;1,00;1,00;0,67;0,33;10,20;8,00;13,00;5,00;1,00
0,00;0,00;0,00;0,00;0,00;0,00;0,00;0,00;0,00;0,00;0,00;0,00;0,00;0,00;0,00;0,00;0,00
0,00;0,00;0,00;0,00;0,00;0,00;0,00;0,00;0,00;0,00;0,00;0,00;0,00;0,00;0,00;0,00;0,00
1,00;1,00;0,00;0,00;0,67;0,25;0,00;0,40;0,00;0,00;0,00;0,00;3,32;7,00;15,00;9,00;1,00
0,00;0,00;0,00;0,00;0,00;0,00;0,00;0,00;0,00;0,00;0,00;0,00;0,00;0,00;0,00;0,00;0,00
1,00;1,00;0,50;1,00;1,00;1,00;1,00;0,80;1,00;1,00;0,83;0,00;10,13;8,00;22,00;25,00;5,00
1,00;1,00;1,00;0,50;1,00;1,00;0,80;1,00;1,00;1,00;1,00;0,00;10,30;8,00;20,00;25,00;5,00
0,50;1,00;0,50;0,50;1,00;1,00;0,00;0,80;0,00;0,00;0,00;0,00;5,30;6,00;21,00;0,00;1,00
1,00;1,00;0,00;1,00;1,00;1,00;0,00;1,00;1,00;0,25;0,83;0,00;8,08;5,00;13,00;11,00;1,00
0,50;0,00;0,00;0,00;0,00;0,00;0,00;0,00;0,00;0,00;0,00;0,00;0,50;0,00;0,00;0,00;0,00
1,00;1,00;1,00;0,00;1,00;0,00;0,00;0,00;0,50;0,00;0,00;0,00;4,50;0,00;16,00;21,00;3,00
1,00;1,00;1,00;1,00;1,00;0,88;0,40;0,80;0,75;1,00;0,83;0,33;9,99;8,00;25,00;21,00;5,00
1,00;1,00;0,50;1,00;1,00;1,00;1,00;0,40;1,00;1,00;0,67;1,00;10,57;7,00;20,00;12,00;3,00
0,00;0,00;0,00;0,00;0,00;0,00;0,00;0,00;0,00;0,00;0,00;0,00;0,00;0,00;0,00;0,00;0,00
1,00;1,00;0,00;0,00;1,00;1,00;0,40;1,00;0,50;0,75;0,83;0,67;8,15;8,00;20,00;22,00;5,00
0,00;0,33;1,00;0,00;0,67;0,00;0,00;0,00;0,50;0,00;0,67;0,00;3,17;0,00;11,00;9,00;0,00